device,time,aqi,TVOC,dust.0.3,dust.0.5,dust.1.0,dust.2.5,dust.5,dust.10,pm.1.0,pm.2.5,pm.10,rh,tDewC,vBat,boot,Unnamed: 18,tempF
eui-0002cc01000009ce,2024-09-17 23:02:44.509000+00:00,34,4037,945.25,263.875,56.09375,4.0,0.0,0.0,4.0,8.0,8.0,52.3949034866865,17.116205107397256,4.196044921875,5,,81.94296875
eui-0002cc01000009ce,2024-09-18 04:01:53.352000+00:00,25,0,777.0,211.875,42.40625,3.2001953125,0.0,0.0,3.0,6.0,6.0,52.94728007934691,16.512952870341344,4.196044921875,5,,80.4453125
eui-0002cc01000009ce,2024-09-18 04:07:52.272000+00:00,22,1,831.0,219.125,37.90625,0.0,0.0,0.0,3.2998046875,5.19921875,5.19921875,53.13954375524529,16.5591322836112,0.010009765625,5,,80.42421875
eui-0002cc01000009ce,2024-09-18 04:13:51.322000+00:00,23,5,715.75,217.8125,42.09375,2.0,0.0,0.0,3.599609375,5.5,5.5,53.32417792019532,16.61371205896613,4.195068359375,5,,80.42421875
eui-0002cc01000009ce,2024-09-18 04:19:50.234000+00:00,22,0,784.0,199.375,33.203125,0.0,0.0,0.0,3.599609375,5.19921875,5.19921875,53.55764095521477,16.682488894081054,0.008056640625,5,,80.42421875
eui-0002cc01000009ce,2024-09-18 04:25:49.539000+00:00,27,0,994.25,245.8125,47.703125,0.0,0.0,0.0,4.0,6.30078125,6.30078125,53.68886854352636,16.695712074729215,0.008056640625,5,,80.375
eui-0002cc01000009ce,2024-09-18 04:31:48.486000+00:00,21,0,828.0,215.6875,37.59375,0.0,0.0,0.0,3.7001953125,5.0,5.0,53.73006790264744,16.73311592003252,0.008056640625,5,,80.42421875
eui-0002cc01000009ce,2024-09-18 04:37:47.389000+00:00,20,7,858.25,209.875,28.5,0.0,0.0,0.0,3.7001953125,4.69921875,4.69921875,53.79110399023423,16.751002782530687,4.196044921875,5,,80.42421875
eui-0002cc01000009ce,2024-09-18 04:43:46.338000+00:00,25,0,907.0,241.5,31.203125,4.599609375,0.0,0.0,4.0,6.0,6.0,53.84908827344167,16.75350494590014,0.008056640625,5,,80.39609375
eui-0002cc01000009ce,2024-09-18 04:49:45.327000+00:00,24,0,864.0,231.3125,36.0,0.0,0.0,0.0,4.0,5.69921875,5.69921875,53.923857480735485,16.789845212613397,0.008056640625,5,,80.42421875
eui-0002cc01000009ce,2024-09-18 04:55:44.284000+00:00,30,3,972.5,265.75,53.59375,2.0,0.0,0.0,4.5,7.0,7.0,53.90096894789044,16.79401085137923,4.196044921875,5,,80.4453125
eui-0002cc01000009ce,2024-09-18 05:01:43.272000+00:00,26,1,970.75,251.5,47.296875,0.0,0.0,0.0,4.400390625,6.19921875,6.19921875,53.98794537270161,16.819425400404842,4.196044921875,5,,80.4453125
eui-0002cc01000009ce,2024-09-18 05:07:43.046000+00:00,24,0,826.25,236.875,30.78125,2.599609375,0.0,0.0,4.0,5.80078125,5.80078125,54.088654917219806,16.86328939869948,0.010009765625,5,,80.4734375
eui-0002cc01000009ce,2024-09-18 05:13:42.122000+00:00,21,3,788.75,212.0,38.203125,0.0,0.0,0.0,3.0,5.0,5.0,54.20767528801404,16.88347068907935,4.1982421875,5,,80.4453125
eui-0002cc01000009ce,2024-09-18 05:19:41.067000+00:00,22,0,821.75,225.3125,33.90625,2.400390625,0.0,0.0,3.7001953125,5.19921875,5.5,54.50980392156863,16.945794831338336,0.008056640625,5,,80.39609375
eui-0002cc01000009ce,2024-09-18 05:25:40.054000+00:00,25,5,1007.5,266.375,39.703125,0.0,0.0,0.0,4.599609375,6.0,6.0,54.58609903105211,16.98236487012213,4.196044921875,5,,80.42421875
eui-0002cc01000009ce,2024-09-18 05:31:39.026000+00:00,23,0,827.75,227.6875,35.796875,0.0,0.0,0.0,4.0,5.5,5.5,54.74631876096742,17.028633767217293,0.010009765625,5,,80.42421875
eui-0002cc01000009ce,2024-09-18 05:37:38.002000+00:00,26,4,925.5,258.875,39.90625,2.0,0.0,0.0,5.0,6.19921875,7.0,55.03624017700466,17.09754465856635,0.008056640625,5,,80.39609375
eui-0002cc01000009ce,2024-09-18 05:43:36.974000+00:00,25,0,866.75,216.6875,45.40625,1.2001953125,0.0,0.0,3.2998046875,6.0,6.0,55.255970092317085,17.160506759481414,4.19921875,5,,80.39609375
eui-0002cc01000009ce,2024-09-18 05:49:35.952000+00:00,24,4,891.5,252.375,33.703125,0.0,0.0,0.0,5.0,5.80078125,5.80078125,55.588616769665066,17.255407097907987,0.008056640625,5,,80.39609375
eui-0002cc01000009ce,2024-09-18 05:55:34.939000+00:00,30,0,976.75,270.25,49.203125,0.0,0.0,0.0,4.69921875,7.19921875,7.19921875,55.83123521782254,17.31340610553714,0.010009765625,5,,80.375
eui-0002cc01000009ce,2024-09-18 06:01:33.910000+00:00,21,2,749.0,199.3125,33.59375,1.39990234375,0.0,0.0,3.0,4.900390625,5.099609375,55.968566414892805,17.36319402933025,4.196044921875,5,,80.39609375
eui-0002cc01000009ce,2024-09-18 06:07:32.890000+00:00,6,3,130.1875,43.40625,34.296875,0.0,0.0,0.0,0.0,1.5,1.5,56.304264896620126,17.432427041584955,4.196044921875,5,,80.346875
eui-0002cc01000009ce,2024-09-18 06:13:31.859000+00:00,22,0,863.5,235.375,36.40625,0.0,0.0,0.0,4.30078125,5.30078125,5.30078125,56.65522240024414,17.490833390760493,0.010009765625,5,,80.26953125
eui-0002cc01000009ce,2024-09-18 06:19:30.847000+00:00,24,0,820.0,231.0,42.90625,1.2001953125,0.0,0.0,4.099609375,5.80078125,5.80078125,56.88563363088426,17.555161482058338,4.196044921875,5,,80.26953125
eui-0002cc01000009ce,2024-09-18 06:25:29.835000+00:00,25,1,927.5,244.5,40.90625,0.0,0.0,0.0,4.0,6.0,6.0,57.23659113450828,17.612605981371424,4.196044921875,5,,80.1921875
eui-0002cc01000009ce,2024-09-18 06:31:28.782000+00:00,24,4,862.25,236.375,30.3984375,0.0,0.0,0.0,4.30078125,5.599609375,5.599609375,57.50362401770047,17.686450820154793,0.010009765625,5,,80.1921875
eui-0002cc01000009ce,2024-09-18 06:37:27.764000+00:00,24,2,902.5,238.25,34.125,2.0,0.0,0.0,4.0,5.69921875,5.69921875,57.8133821622034,17.709684773571894,4.196044921875,5,,80.07265625
eui-0002cc01000009ce,2024-09-18 06:43:26.734000+00:00,24,0,883.25,251.125,31.0,0.0,0.0,0.0,4.30078125,5.69921875,5.69921875,57.9842832074464,17.767497831943587,0.010009765625,5,,80.09375
eui-0002cc01000009ce,2024-09-18 06:49:25.720000+00:00,32,0,1096.0,304.5,47.296875,1.2001953125,0.0,0.0,5.900390625,7.5,7.599609375,58.29861905851835,17.813185398424512,4.196044921875,5,,80.01640625
eui-0002cc01000009ce,2024-09-18 06:55:24.704000+00:00,30,0,1091.0,288.75,53.296875,1.0,0.0,0.0,5.0,7.19921875,7.19921875,58.41458762493324,17.819173830155165,0.008056640625,5,,79.9671875
eui-0002cc01000009ce,2024-09-18 07:01:23.590000+00:00,26,0,971.75,262.25,40.59375,1.0,0.0,0.0,5.0,6.19921875,6.19921875,58.71671625848783,17.88652288632932,0.008056640625,5,,79.9390625
eui-0002cc01000009ce,2024-09-18 07:07:22.663000+00:00,20,0,875.75,236.625,19.296875,0.0,0.0,0.0,4.0,4.69921875,4.69921875,58.7380788891432,17.86670450117819,4.1982421875,5,,79.88984375
eui-0002cc01000009ce,2024-09-18 07:13:21.641000+00:00,29,0,1059.5,288.625,44.203125,0.0,0.0,0.0,5.0,6.80078125,6.80078125,58.66636148622873,17.861917557634673,0.010009765625,5,,79.91796875
eui-0002cc01000009ce,2024-09-18 07:19:20.625000+00:00,32,5,1085.0,299.375,50.5,2.7998046875,0.0,0.0,5.0,7.5,7.900390625,58.55497062638285,17.88290037275341,0.008056640625,5,,80.01640625
eui-0002cc01000009ce,2024-09-18 07:25:19.585000+00:00,25,2,662.5,214.625,50.5,1.2001953125,0.0,0.0,4.0,6.0,6.0,58.47257190814069,17.87514157173024,0.010009765625,5,,80.04453125
eui-0002cc01000009ce,2024-09-18 07:31:18.552000+00:00,30,1,1034.5,272.625,43.5,2.0,0.0,0.0,5.0,7.0,7.0,58.48783093003738,17.90487461439981,4.1982421875,5,,80.09375
eui-0002cc01000009ce,2024-09-18 07:37:17.526000+00:00,35,0,1263.5,323.5,62.796875,2.400390625,0.0,0.0,5.5,8.19921875,8.19921875,58.67399099717708,17.96636923408476,4.1982421875,5,,80.11484375
eui-0002cc01000009ce,2024-09-18 07:43:16.514000+00:00,31,4,1067.5,281.75,36.78125,3.400390625,0.0,0.0,5.0,7.30078125,7.30078125,58.77927824826428,17.9729406503063,0.008056640625,5,,80.07265625
eui-0002cc01000009ce,2024-09-18 07:49:15.494000+00:00,35,3,1071.5,294.875,58.90625,1.39990234375,0.0,0.0,5.5,8.19921875,8.19921875,58.982223239490345,18.01313437761512,4.1982421875,5,,80.04453125
eui-0002cc01000009ce,2024-09-18 07:55:14.486000+00:00,27,0,1011.25,269.375,39.0,1.60009765625,0.0,0.0,4.5,6.30078125,6.30078125,59.30571450370032,18.04525936591455,4.196044921875,5,,79.9390625
eui-0002cc01000009ce,2024-09-18 08:01:13.453000+00:00,36,0,1183.5,327.75,66.5,1.39990234375,0.0,0.0,5.599609375,8.6015625,8.6015625,59.311818112458994,18.02126664816393,0.010009765625,5,,79.88984375
eui-0002cc01000009ce,2024-09-18 08:07:12.423000+00:00,37,0,1104.5,316.5,70.1875,0.0,0.0,0.0,5.0,8.69921875,8.69921875,59.38811322194248,18.05636937761705,0.008056640625,5,,79.91796875
eui-0002cc01000009ce,2024-09-18 08:13:11.390000+00:00,31,1,1013.75,279.875,46.875,3.599609375,0.0,0.0,4.69921875,7.30078125,7.30078125,59.66277561608301,18.089517678800004,4.1982421875,5,,79.840625
eui-0002cc01000009ce,2024-09-18 08:19:10.384000+00:00,27,0,928.75,269.0,54.78125,0.0,0.0,0.0,5.0,6.5,6.5,59.79095140001526,18.08336755623731,4.196044921875,5,,79.76328125
eui-0002cc01000009ce,2024-09-18 08:25:09.373000+00:00,27,0,1003.25,269.125,41.09375,0.0,0.0,0.0,4.69921875,6.5,6.5,59.810788128480965,18.073986603346743,4.1982421875,5,,79.73515625
eui-0002cc01000009ce,2024-09-18 08:31:08.340000+00:00,37,2,1163.0,315.75,55.296875,3.0,0.0,0.0,5.0,8.69921875,8.69921875,59.97100785839628,18.116573858055304,4.196044921875,5,,79.73515625
eui-0002cc01000009ce,2024-09-18 08:37:07.323000+00:00,27,3,1027.0,258.125,49.0,0.0,0.0,0.0,4.400390625,6.5,6.5,60.25787747005417,18.15588978932445,0.008056640625,5,,79.66484375
eui-0002cc01000009ce,2024-09-18 08:43:06.304000+00:00,34,1,1115.0,305.125,51.5,1.39990234375,0.0,0.0,5.0,8.0,8.0,60.38300144960708,18.133886662740824,0.010009765625,5,,79.559375
eui-0002cc01000009ce,2024-09-18 08:49:05.268000+00:00,27,0,1009.0,269.875,38.703125,1.2001953125,0.0,0.0,5.0,6.5,6.5,60.48676279850461,18.13553663730257,0.010009765625,5,,79.51015625
eui-0002cc01000009ce,2024-09-18 08:55:04.232000+00:00,32,0,1128.0,306.375,49.90625,1.77783203125,0.0,0.0,5.5,7.5,7.125,60.53711757076371,18.148788585451616,0.008056640625,5,,79.51015625
eui-0002cc01000009ce,2024-09-18 09:01:03.232000+00:00,30,0,1064.5,291.125,43.296875,0.0,0.0,0.0,4.599609375,7.0,7.0,60.43640802624552,18.096584424964163,4.196044921875,5,,79.4609375
eui-0002cc01000009ce,2024-09-18 09:07:02.201000+00:00,30,0,982.75,266.125,47.59375,4.80078125,0.0,0.0,4.30078125,7.0,7.0,60.38300144960708,18.06783239618688,4.194091796875,5,,79.4328125
eui-0002cc01000009ce,2024-09-18 09:13:01.166000+00:00,27,0,997.5,267.75,43.0,0.0,0.0,0.0,5.099609375,6.400390625,6.400390625,60.4272526131075,18.05380217073008,4.1982421875,5,,79.38359375
eui-0002cc01000009ce,2024-09-18 09:19:00.179000+00:00,20,1,823.25,218.1875,22.0,1.60009765625,0.0,0.0,4.0,4.80078125,4.80078125,60.39063096055543,17.978098089105714,0.008056640625,5,,79.25703125
eui-0002cc01000009ce,2024-09-18 09:24:59.140000+00:00,21,0,860.75,235.6875,29.703125,1.0,0.0,0.0,4.0,5.099609375,5.30078125,60.25787747005417,17.957776566307828,0.010009765625,5,,79.28515625
eui-0002cc01000009ce,2024-09-18 09:30:58.115000+00:00,23,3,929.0,245.6875,34.5,1.0,0.0,0.0,4.099609375,5.400390625,5.400390625,60.1205462729839,17.906826061533557,0.008056640625,5,,79.25703125
eui-0002cc01000009ce,2024-09-18 09:36:57.102000+00:00,25,4,942.25,241.375,35.296875,2.0,0.0,0.0,4.400390625,5.900390625,5.900390625,59.99847409781033,17.874520415333723,4.196044921875,5,,79.25703125
eui-0002cc01000009ce,2024-09-18 09:42:56.048000+00:00,24,0,908.75,239.5,44.703125,0.0,0.0,0.0,4.0,5.599609375,5.599609375,59.81841763942931,17.841426422335974,4.1982421875,5,,79.28515625
eui-0002cc01000009ce,2024-09-18 09:48:55.046000+00:00,21,0,801.5,218.1875,29.203125,0.0,0.0,0.0,3.7001953125,5.0,5.0,59.67650873579004,17.82568173663642,4.196044921875,5,,79.32734375
eui-0002cc01000009ce,2024-09-18 09:54:54.017000+00:00,19,3,730.75,203.5625,25.0,1.60009765625,0.0,0.0,3.0,4.400390625,4.400390625,59.48577096208133,17.73820321861768,4.196044921875,5,,79.25703125
eui-0002cc01000009ce,2024-09-18 10:00:53.011000+00:00,24,1,922.5,241.6875,40.5,0.0,0.0,0.0,3.7998046875,5.69921875,5.69921875,59.32402532997635,17.68033666386675,4.2001953125,5,,79.22890625
eui-0002cc01000009ce,2024-09-18 10:06:51.994000+00:00,30,0,944.0,264.5,43.09375,0.0,0.0,0.0,4.69921875,7.0,7.0,59.1958495460441,17.60940838160904,0.008056640625,5,,79.15859375
eui-0002cc01000009ce,2024-09-18 10:12:50.889000+00:00,25,0,796.5,231.0,42.21875,2.400390625,0.0,0.0,4.0,6.0,6.0,58.98680094605936,17.553311707581123,0.008056640625,5,,79.15859375
eui-0002cc01000009ce,2024-09-18 10:18:49.930000+00:00,22,0,780.25,212.875,41.0,2.0,0.0,0.0,4.0,5.30078125,5.900390625,58.87998779278248,17.535557503149704,0.008056640625,5,,79.1796875
eui-0002cc01000009ce,2024-09-18 10:24:48.838000+00:00,21,1,850.5,212.625,31.203125,2.0,0.0,0.0,3.2998046875,5.0,5.0,58.643472953383686,17.526624001422203,0.008056640625,5,,79.28515625
eui-0002cc01000009ce,2024-09-18 10:30:47.887000+00:00,23,0,806.5,219.0,46.09375,1.2001953125,1.2001953125,0.0,4.0,5.5,6.19921875,58.49240863660639,17.445536608445874,4.196044921875,5,,79.2078125
eui-0002cc01000009ce,2024-09-18 10:36:46.844000+00:00,19,0,763.5,206.3125,27.5,0.0,0.0,0.0,3.599609375,4.400390625,4.400390625,58.31845578698405,17.383749953139848,0.008056640625,5,,79.1796875
eui-0002cc01000009ce,2024-09-18 10:42:45.834000+00:00,23,4,845.5,244.3125,33.40625,2.0,0.0,0.0,4.0,5.400390625,5.400390625,58.27267872129397,17.396895533543514,0.010009765625,5,,79.22890625
eui-0002cc01000009ce,2024-09-18 10:48:44.840000+00:00,18,0,746.0,196.125,26.0,0.0,0.0,0.0,3.0,4.19921875,4.19921875,58.147554741741054,17.33729279494486,0.010009765625,5,,79.1796875
eui-0002cc01000009ce,2024-09-18 10:54:43.787000+00:00,21,0,779.75,208.5625,33.40625,0.0,0.0,0.0,3.5,5.0,5.0,58.08957045853361,17.281324756654147,4.196044921875,5,,79.10234375
eui-0002cc01000009ce,2024-09-18 11:00:42.766000+00:00,21,0,745.25,192.875,37.796875,0.0,0.0,0.0,3.0,5.0,5.0,57.92782482642863,17.21166096147037,4.196044921875,5,,79.053125
eui-0002cc01000009ce,2024-09-18 11:06:41.756000+00:00,27,1,926.75,249.5,35.703125,2.599609375,0.0,0.0,4.400390625,6.5,6.5,57.86068513008316,17.153165472237927,0.008056640625,5,,78.97578125
eui-0002cc01000009ce,2024-09-18 11:12:40.728000+00:00,33,0,1093.0,307.75,43.703125,2.0,0.0,0.0,5.80078125,7.80078125,7.80078125,57.805752651255055,17.112600790284596,0.010009765625,5,,78.9265625
eui-0002cc01000009ce,2024-09-18 11:18:39.711000+00:00,30,0,1056.5,285.125,49.671875,0.0,0.0,0.0,4.80078125,7.0,7.0,57.718776226443886,17.074212813665916,4.1982421875,5,,78.8984375
eui-0002cc01000009ce,2024-09-18 11:24:38.719000+00:00,22,2,856.0,239.6875,25.796875,1.2001953125,0.0,0.0,4.0,5.30078125,5.30078125,57.5219348439765,17.020265217589895,4.1982421875,5,,78.8984375
eui-0002cc01000009ce,2024-09-18 11:30:37.659000+00:00,21,0,849.0,225.0,28.0,0.0,0.0,0.0,3.7001953125,4.900390625,4.900390625,57.511253528648815,17.017333191709017,0.008056640625,5,,78.8984375
eui-0002cc01000009ce,2024-09-18 11:36:36.626000+00:00,25,0,946.5,251.0,36.796875,1.60009765625,0.0,0.0,4.30078125,6.0,6.0,57.47463187609674,17.00727689803661,4.1982421875,5,,78.8984375
eui-0002cc01000009ce,2024-09-18 11:42:35.621000+00:00,20,3,773.0,196.0,24.1015625,0.0,0.0,0.0,3.0,4.80078125,4.80078125,57.47920958266575,16.968405678115897,4.1982421875,5,,78.82109375
eui-0002cc01000009ce,2024-09-18 11:48:34.600000+00:00,18,0,748.5,188.375,20.5,2.2001953125,0.0,0.0,3.0,4.30078125,4.30078125,57.47920958266575,16.89179540420067,0.008056640625,5,,78.6734375
eui-0002cc01000009ce,2024-09-18 11:54:33.574000+00:00,21,3,855.0,220.3125,28.296875,1.2001953125,0.0,0.0,4.0,5.099609375,5.099609375,57.64858472571908,16.923615886052858,0.008056640625,5,,78.6453125
eui-0002cc01000009ce,2024-09-18 12:00:32.550000+00:00,25,0,959.0,247.375,42.40625,0.0,0.0,0.0,4.30078125,6.0,6.0,57.74929427023728,16.91100327935019,4.196044921875,5,,78.56796875
eui-0002cc01000009ce,2024-09-18 12:06:31.513000+00:00,20,0,841.75,223.125,23.3984375,1.0,0.0,0.0,4.0,4.69921875,4.69921875,57.77370870527199,16.917671277412403,0.010009765625,5,,78.56796875
eui-0002cc01000009ce,2024-09-18 12:12:30.504000+00:00,25,3,817.0,231.625,38.296875,4.0,0.0,0.0,4.0,6.0,6.0,58.00259403372244,16.965454756164256,0.008056640625,5,,78.53984375
eui-0002cc01000009ce,2024-09-18 12:18:29.411000+00:00,21,1,871.25,226.125,37.40625,0.0,0.0,0.0,4.0,5.0,5.0,57.90035858701457,16.977781778255935,0.010009765625,5,,78.6171875
eui-0002cc01000009ce,2024-09-18 12:24:28.455000+00:00,30,1,936.25,274.125,52.5,0.0,0.0,0.0,4.599609375,7.0,7.0,57.64400701915008,16.977104071911466,4.196044921875,5,,78.75078125
eui-0002cc01000009ce,2024-09-18 12:30:27.423000+00:00,24,5,901.5,234.8125,33.59375,0.0,0.0,0.0,4.0,5.69921875,5.69921875,57.40596627756161,17.01758578616058,0.010009765625,5,,78.9546875
eui-0002cc01000009ce,2024-09-18 12:36:26.399000+00:00,21,7,823.0,218.625,36.59375,0.0,0.0,0.0,4.0,5.0,5.0,57.86526283665217,17.179972461671316,0.010009765625,5,,79.025
eui-0002cc01000009ce,2024-09-18 12:42:25.395000+00:00,32,13,1020.0,293.75,50.90625,2.0,0.0,0.0,5.0,7.599609375,7.599609375,58.68009460593576,17.390235834341677,4.1982421875,5,,79.00390625
eui-0002cc01000009ce,2024-09-18 12:48:24.284000+00:00,30,13,894.0,245.1875,52.40625,3.599609375,0.0,0.0,4.30078125,7.0,7.19921875,58.74265659571221,17.40710883800924,4.196044921875,5,,79.00390625
eui-0002cc01000009ce,2024-09-18 12:54:23.337000+00:00,22,15,827.5,233.875,38.59375,0.0,0.0,0.0,4.0,5.30078125,5.30078125,58.776226443884944,17.335681859827673,0.010009765625,5,,78.84921875
eui-0002cc01000009ce,2024-09-18 13:00:22.251000+00:00,24,10,873.25,235.875,41.40625,1.60009765625,1.60009765625,0.0,4.30078125,5.80078125,6.30078125,58.57480735484855,17.252111818200554,0.010009765625,5,,78.79296875
eui-0002cc01000009ce,2024-09-18 13:06:21.305000+00:00,21,10,903.5,220.5,42.40625,1.0,0.0,0.0,3.599609375,4.900390625,4.900390625,58.57785915922789,17.267561772562008,4.196044921875,5,,78.82109375
eui-0002cc01000009ce,2024-09-18 13:12:20.274000+00:00,24,14,936.0,243.8125,32.40625,0.0,0.0,0.0,4.0,5.599609375,5.599609375,58.58701457236591,17.244438096132107,4.196044921875,5,,78.771875
eui-0002cc01000009ce,2024-09-18 13:18:19.234000+00:00,21,13,874.5,214.625,39.40625,2.0,0.0,0.0,3.5,5.0,5.400390625,58.559548332951856,17.226052892746583,0.010009765625,5,,78.75078125
eui-0002cc01000009ce,2024-09-18 13:24:18.264000+00:00,23,13,875.75,234.6875,34.421875,0.0,0.0,0.0,4.0,5.400390625,5.400390625,58.602273594262606,17.208333158127076,0.008056640625,5,,78.69453125
eui-0002cc01000009ce,2024-09-18 13:30:17.206000+00:00,17,14,766.75,206.125,20.796875,0.0,0.0,0.0,3.2998046875,4.0,4.0,58.52750438696879,17.239334292805932,4.1982421875,5,,78.79296875
eui-0002cc01000009ce,2024-09-18 13:36:16.188000+00:00,17,17,517.0,148.125,44.203125,0.0,0.0,0.0,2.0,4.0,4.0,58.641947051194016,17.233662232084427,0.008056640625,5,,78.72265625
eui-0002cc01000009ce,2024-09-18 13:42:15.360000+00:00,20,13,847.0,225.3125,22.203125,2.0,2.0,2.0,4.0,4.69921875,6.19921875,58.67399099717708,17.216700883273973,2.773193359375,5,,78.6734375
eui-0002cc01000009ce,2024-09-18 13:48:14.202000+00:00,32,12,977.5,265.125,49.296875,2.7998046875,0.0,0.0,5.0,7.69921875,7.900390625,58.80216678110933,17.2109697020981,4.1982421875,5,,78.59609375
eui-0002cc01000009ce,2024-09-18 13:54:13.110000+00:00,25,13,949.75,240.1875,42.90625,0.0,0.0,0.0,4.0,6.0,6.0,58.75181200885023,17.19742440448931,0.010009765625,5,,78.59609375
eui-0002cc01000009ce,2024-09-18 14:00:12.095000+00:00,26,11,962.5,246.5625,39.40625,1.60009765625,0.0,0.0,4.599609375,6.19921875,6.19921875,58.78538185702296,17.17719040777013,0.010009765625,5,,78.53984375
eui-0002cc01000009ce,2024-09-18 14:06:11.058000+00:00,29,12,1069.5,281.75,33.90625,2.0,0.0,0.0,4.80078125,6.80078125,6.80078125,58.7884336614023,17.192643812187605,4.1982421875,5,,78.56796875
eui-0002cc01000009ce,2024-09-18 14:12:10.033000+00:00,27,11,856.5,247.25,48.40625,0.0,0.0,0.0,4.0,6.5,6.5,58.86320286869611,17.227374589886207,4.196044921875,5,,78.59609375
eui-0002cc01000009ce,2024-09-18 14:18:09.004000+00:00,25,12,984.5,276.0,33.796875,1.2001953125,1.2001953125,1.2001953125,5.0,6.0,6.80078125,58.88609140154116,17.233522570402474,4.1982421875,5,,78.59609375
eui-0002cc01000009ce,2024-09-18 14:24:08.002000+00:00,23,10,839.75,241.875,27.6015625,0.0,0.0,0.0,4.0,5.5,5.5,58.94407568474861,17.21981314790066,0.008056640625,5,,78.53984375
eui-0002cc01000009ce,2024-09-18 14:30:07.009000+00:00,27,11,862.25,236.0,50.203125,2.0,0.0,0.0,4.0,6.400390625,6.400390625,58.982223239490345,17.244682604642218,0.008056640625,5,,78.56796875
eui-0002cc01000009ce,2024-09-18 14:36:05.934000+00:00,23,14,849.0,227.625,37.09375,1.60009765625,0.0,0.0,4.0,5.5,5.5,59.140917067216,17.287185308601423,4.196044921875,5,,78.56796875
eui-0002cc01000009ce,2024-09-18 14:42:04.924000+00:00,22,12,953.75,243.6875,32.40625,0.0,0.0,0.0,4.5,5.30078125,5.30078125,59.18364232852674,17.272982960407244,0.008056640625,5,,78.51875
eui-0002cc01000009ce,2024-09-18 14:48:03.881000+00:00,24,9,1009.5,253.5,40.09375,0.0,0.0,0.0,4.69921875,5.80078125,5.80078125,59.32555123216602,17.285238043800547,4.195068359375,5,,78.46953125
eui-0002cc01000009ce,2024-09-18 14:54:02.773000+00:00,26,11,859.25,231.5,48.21875,2.0,0.0,0.0,4.0,6.099609375,6.19921875,59.36980239566644,17.256745942124542,4.196044921875,5,,78.3921875
eui-0002cc01000009ce,2024-09-18 15:00:01.851000+00:00,21,12,828.5,228.625,28.296875,0.0,0.0,0.0,4.0,5.0,5.0,59.37590600442512,17.232733023874026,0.010009765625,5,,78.34296875
eui-0002cc01000009ce,2024-09-18 15:06:00.823000+00:00,27,10,983.5,265.75,47.703125,0.0,0.0,0.0,5.0,6.5,6.5,59.3514915693904,17.22622925135639,0.008056640625,5,,78.34296875
eui-0002cc01000009ce,2024-09-18 15:11:59.808000+00:00,22,9,907.75,233.8125,36.0,0.0,0.0,0.0,4.0,5.19921875,5.19921875,59.18822003509575,17.157045493668917,0.008056640625,5,,78.29375
eui-0002cc01000009ce,2024-09-18 15:17:58.790000+00:00,27,9,894.5,255.625,40.890625,0.0,0.0,0.0,5.0,6.30078125,6.30078125,59.15159838254368,17.14726369856769,4.1982421875,5,,78.29375
eui-0002cc01000009ce,2024-09-18 15:23:57.759000+00:00,27,5,855.0,254.6875,39.296875,3.2001953125,2.0,0.0,4.0,6.30078125,7.30078125,58.895246814679176,17.078641772981666,3.60205078125,5,,78.29375
eui-0002cc01000009ce,2024-09-18 15:29:56.749000+00:00,21,5,831.0,221.6875,23.0,2.0,0.0,0.0,3.400390625,4.900390625,4.900390625,58.74876020447089,17.039311338598523,0.010009765625,5,,78.29375
eui-0002cc01000009ce,2024-09-18 15:35:55.714000+00:00,27,5,1014.25,265.5,35.796875,2.0,0.0,0.0,4.69921875,6.400390625,6.400390625,58.57785915922789,16.978689843065546,4.196044921875,5,,78.265625
eui-0002cc01000009ce,2024-09-18 15:41:54.695000+00:00,22,4,880.25,222.6875,26.296875,2.0,0.0,0.0,3.400390625,5.19921875,5.19921875,58.266575112535286,16.934817679268296,4.196044921875,5,,78.34296875
eui-0002cc01000009ce,2024-09-18 15:47:53.677000+00:00,25,1,958.25,247.8125,38.703125,1.60009765625,0.0,0.0,4.30078125,6.0,6.0,57.71267261768521,16.82069591166371,0.008056640625,5,,78.41328125
eui-0002cc01000009ce,2024-09-18 15:53:52.655000+00:00,21,0,744.5,206.625,28.6015625,1.2001953125,0.0,0.0,3.0,5.0,5.0,57.02601663233387,16.621212843749152,4.2001953125,5,,78.3921875
eui-0002cc01000009ce,2024-09-18 15:59:51.532000+00:00,21,0,822.5,226.75,28.203125,0.0,0.0,0.0,4.0,5.0,5.0,56.95429922941939,16.612339425776884,4.1982421875,5,,78.41328125
eui-0002cc01000009ce,2024-09-18 16:05:50.593000+00:00,32,0,983.75,269.75,53.09375,2.0,0.0,0.0,4.69921875,7.69921875,7.69921875,56.45990691996643,16.51523666874174,0.010009765625,5,,78.490625
eui-0002cc01000009ce,2024-09-18 16:11:49.578000+00:00,27,0,903.0,243.3125,40.0,3.0,0.0,0.0,4.0,6.400390625,6.400390625,55.800717174029145,16.319760911771034,0.008056640625,5,,78.46953125
eui-0002cc01000009ce,2024-09-18 16:17:48.559000+00:00,21,3,827.5,221.0,34.0,0.0,0.0,0.0,3.7998046875,5.099609375,5.099609375,55.73510337987335,16.272208858960273,4.196044921875,5,,78.41328125
eui-0002cc01000009ce,2024-09-18 16:23:47.528000+00:00,23,0,855.0,243.0,24.6015625,3.2001953125,0.0,0.0,4.0,5.5,5.5,55.30937666895552,16.16642355412143,4.196044921875,5,,78.44140625
eui-0002cc01000009ce,2024-09-18 16:29:46.529000+00:00,25,0,897.0,239.3125,38.0,0.0,0.0,0.0,4.30078125,6.0,6.0,55.21934843976501,16.18081057871236,0.008056640625,5,,78.51875
eui-0002cc01000009ce,2024-09-18 16:35:45.491000+00:00,20,10,803.75,197.6875,39.703125,1.2001953125,0.0,0.0,3.5,4.80078125,4.80078125,55.09575036240177,16.145664175028823,0.008056640625,5,,78.51875
eui-0002cc01000009ce,2024-09-18 16:41:44.443000+00:00,25,3,902.0,245.125,30.796875,0.0,0.0,0.0,4.5,6.0,6.0,54.92637521934844,16.10827243462713,4.196044921875,5,,78.53984375
eui-0002cc01000009ce,2024-09-18 16:47:43.434000+00:00,20,0,868.5,208.6875,33.109375,0.0,0.0,0.0,3.0,4.69921875,4.69921875,54.83024338139925,16.08081181293782,0.008056640625,5,,78.53984375
eui-0002cc01000009ce,2024-09-18 16:53:42.414000+00:00,22,4,807.0,217.0,35.796875,0.0,0.0,0.0,4.0,5.19921875,5.19921875,54.83482108796826,16.111139939049263,4.195068359375,5,,78.59609375
eui-0002cc01000009ce,2024-09-18 16:59:41.398000+00:00,24,5,836.5,230.5,37.796875,1.2001953125,0.0,0.0,4.0,5.80078125,5.80078125,54.88059815365835,16.109712476174543,4.1982421875,5,,78.56796875
eui-0002cc01000009ce,2024-09-18 17:05:40.396000+00:00,19,6,785.0,215.8125,27.25,0.0,0.0,0.0,4.0,4.5,4.5,54.87602044708934,16.14830991348356,0.010009765625,5,,78.6453125
eui-0002cc01000009ce,2024-09-18 17:11:39.343000+00:00,21,7,758.75,202.125,30.703125,2.0,0.0,0.0,3.0,5.099609375,5.099609375,54.98130769817654,16.15297414392616,0.008056640625,5,,78.59609375
eui-0002cc01000009ce,2024-09-18 17:17:38.350000+00:00,21,7,858.5,208.1875,32.875,1.60009765625,0.0,0.0,3.599609375,5.099609375,5.099609375,55.01182574196994,16.201594272351286,0.008056640625,5,,78.6734375
eui-0002cc01000009ce,2024-09-18 17:23:37.334000+00:00,23,9,936.0,247.3125,27.3984375,0.0,0.0,0.0,4.30078125,5.400390625,5.400390625,54.975204089417865,16.19114679452742,0.008056640625,5,,78.6734375
eui-0002cc01000009ce,2024-09-18 17:29:36.291000+00:00,21,8,770.0,209.875,39.296875,0.0,0.0,0.0,3.0,5.0,5.0,55.03624017700466,16.208555861911144,4.192138671875,5,,78.6734375
eui-0002cc01000009ce,2024-09-18 17:35:35.271000+00:00,22,6,805.75,210.625,36.296875,1.0,0.0,0.0,3.2998046875,5.30078125,5.30078125,54.82871747920958,16.149295616017962,4.196044921875,5,,78.6734375
eui-0002cc01000009ce,2024-09-18 17:41:34.229000+00:00,21,10,762.5,201.6875,35.59375,0.0,0.0,0.0,4.0,5.0,5.0,54.769207293812464,16.132265495750303,0.010009765625,5,,78.6734375
eui-0002cc01000009ce,2024-09-18 17:47:33.210000+00:00,21,9,725.0,199.1875,46.296875,0.0,0.0,0.0,3.2998046875,5.0,5.0,54.90196078431372,16.170233474138517,0.010009765625,5,,78.6734375
eui-0002cc01000009ce,2024-09-18 17:53:32.121000+00:00,27,6,874.0,233.125,46.296875,5.19921875,0.0,0.0,4.0,6.5,6.5,54.71122301060502,16.14104104264326,0.008056640625,5,,78.72265625
eui-0002cc01000009ce,2024-09-18 17:59:31.171000+00:00,21,5,831.25,204.1875,33.0,0.0,0.0,0.0,3.0,5.0,5.0,54.77378500038147,16.07917224853169,4.1982421875,5,,78.56796875
eui-0002cc01000009ce,2024-09-18 18:05:30.185000+00:00,23,9,867.25,238.125,27.6015625,0.0,0.0,0.0,4.0,5.400390625,5.400390625,54.62272068360418,16.02138715456439,4.196044921875,5,,78.53984375
eui-0002cc01000009ce,2024-09-18 18:11:29.147000+00:00,21,7,893.5,226.875,28.296875,1.2001953125,0.0,0.0,4.0,5.0,5.0,54.56015869382773,16.003433434681618,0.008056640625,5,,78.53984375
eui-0002cc01000009ce,2024-09-18 18:17:28.106000+00:00,21,3,803.75,214.3125,26.703125,2.0,0.0,0.0,3.0,5.0,5.0,54.69596398870832,16.04238318938814,0.008056640625,5,,78.53984375
eui-0002cc01000009ce,2024-09-18 18:23:27.089000+00:00,27,7,930.25,258.25,36.296875,2.0,0.0,0.0,4.599609375,6.400390625,6.400390625,54.82871747920958,16.069493352982743,0.010009765625,5,,78.51875
eui-0002cc01000009ce,2024-09-18 18:29:26.084000+00:00,22,11,810.0,214.625,31.796875,2.0,0.0,0.0,3.0,5.30078125,5.30078125,54.929427023727776,16.123656324667234,0.010009765625,5,,78.56796875
eui-0002cc01000009ce,2024-09-18 18:35:25.032000+00:00,23,8,922.25,242.3125,32.40625,0.0,0.0,0.0,4.400390625,5.5,5.5,55.09117265583277,16.184285552754684,0.010009765625,5,,78.59609375
eui-0002cc01000009ce,2024-09-18 18:41:24.016000+00:00,19,7,792.0,212.875,27.6015625,0.0,0.0,0.0,3.2998046875,4.599609375,4.599609375,55.11253528648814,16.241182133539745,0.008056640625,5,,78.69453125
eui-0002cc01000009ce,2024-09-18 18:47:22.995000+00:00,24,8,936.75,234.625,34.0,0.0,0.0,0.0,4.0,5.599609375,5.599609375,55.0041962310216,16.224819280843196,0.010009765625,5,,78.72265625
eui-0002cc01000009ce,2024-09-18 18:53:21.972000+00:00,21,7,843.25,229.3125,26.3984375,0.0,0.0,0.0,4.0,5.0,5.0,54.85618371862363,16.247837828459538,4.1982421875,5,,78.84921875
eui-0002cc01000009ce,2024-09-18 18:59:20.948000+00:00,27,6,1045.5,251.875,44.671875,1.39990234375,0.0,0.0,4.0,6.30078125,6.30078125,54.7524223697261,16.25801870209141,4.1982421875,5,,78.9265625
eui-0002cc01000009ce,2024-09-18 19:05:19.925000+00:00,27,10,1098.5,272.0,34.59375,0.0,0.0,0.0,5.0,6.5,6.5,54.6517128252079,16.20011820807626,0.008056640625,5,,78.8703125
eui-0002cc01000009ce,2024-09-18 19:11:18.906000+00:00,19,9,777.5,212.3125,20.203125,0.0,0.0,0.0,3.7001953125,4.5,4.5,54.57846952010376,16.19358041164553,0.008056640625,5,,78.8984375
eui-0002cc01000009ce,2024-09-18 19:17:17.898000+00:00,25,13,922.75,246.125,35.90625,0.0,0.0,0.0,4.30078125,6.0,6.0,54.81651026169222,16.29088994554121,4.1982421875,5,,78.9546875
eui-0002cc01000009ce,2024-09-18 19:23:16.863000+00:00,27,16,867.0,240.875,45.703125,0.0,0.0,0.0,4.19921875,6.400390625,6.400390625,55.295643549248496,16.453011179209547,0.008056640625,5,,79.00390625
eui-0002cc01000009ce,2024-09-18 19:29:15.838000+00:00,21,22,968.75,247.6875,24.203125,0.0,0.0,0.0,4.30078125,5.0,5.0,55.61608300907912,16.55477635008687,4.197021484375,5,,79.025
eui-0002cc01000009ce,2024-09-18 19:35:14.809000+00:00,32,19,1077.0,295.125,49.703125,2.0,0.0,0.0,5.599609375,7.69921875,7.69921875,55.95178149080644,16.67857238314542,4.2001953125,5,,79.08125
eui-0002cc01000009ce,2024-09-18 19:41:13.802000+00:00,27,21,978.75,262.5,35.890625,1.2001953125,0.0,0.0,4.69921875,6.5,6.5,56.23102159151598,16.756989817801042,0.008056640625,5,,79.08125
eui-0002cc01000009ce,2024-09-18 19:47:12.682000+00:00,29,24,930.5,253.875,59.0,0.0,0.0,0.0,4.5,6.80078125,6.80078125,56.58197909514,16.895113940328407,0.010009765625,5,,79.15859375
eui-0002cc01000009ce,2024-09-18 19:53:11.752000+00:00,22,23,884.75,229.3125,29.6015625,1.60009765625,1.39990234375,1.39990234375,4.30078125,5.30078125,6.19921875,56.8383306630045,16.96643504312152,4.1982421875,5,,79.15859375
eui-0002cc01000009ce,2024-09-18 19:59:10.718000+00:00,22,26,898.5,248.1875,32.296875,1.0,0.0,0.0,4.19921875,5.30078125,5.599609375,57.10841535057603,17.052206916052825,4.196044921875,5,,79.1796875
eui-0002cc01000009ce,2024-09-18 20:05:09.715000+00:00,34,26,1110.0,302.25,66.6875,2.0,0.0,0.0,5.0,8.0,8.0,57.35561150530251,17.135023011175686,0.010009765625,5,,79.2078125
eui-0002cc01000009ce,2024-09-18 20:11:08.680000+00:00,20,27,867.0,212.125,32.09375,0.0,0.0,0.0,4.0,4.69921875,4.69921875,57.341878385595486,17.116651615901766,4.196044921875,5,,79.1796875
eui-0002cc01000009ce,2024-09-18 20:17:07.658000+00:00,21,27,861.0,219.3125,18.5,0.0,0.0,0.0,4.0,4.900390625,4.900390625,57.35255970092317,17.119594548220356,0.008056640625,5,,79.1796875
eui-0002cc01000009ce,2024-09-18 20:23:06.634000+00:00,26,32,974.75,263.5,46.703125,0.0,0.0,0.0,4.69921875,6.099609375,6.099609375,57.14656290531777,17.077334142602627,0.010009765625,5,,79.2078125
eui-0002cc01000009ce,2024-09-18 20:29:05.618000+00:00,30,28,994.25,263.75,30.703125,4.400390625,0.0,0.0,4.599609375,7.0,7.0,56.87953002212558,17.00337370111065,4.196044921875,5,,79.2078125
eui-0002cc01000009ce,2024-09-18 20:35:04.594000+00:00,33,28,1142.0,320.0,58.90625,0.0,0.0,0.0,6.0,7.900390625,7.900390625,56.8383306630045,16.96643504312152,4.1982421875,5,,79.15859375
eui-0002cc01000009ce,2024-09-18 20:41:03.559000+00:00,27,22,999.5,268.0,40.296875,0.0,0.0,0.0,5.0,6.5,6.5,56.45075150682841,16.818455137813515,0.010009765625,5,,79.08125
eui-0002cc01000009ce,2024-09-18 20:47:02.551000+00:00,15,22,622.5,159.8125,26.0,2.0,1.2001953125,1.2001953125,3.0,3.5,4.5,56.06012054627298,16.694489794363133,4.1982421875,5,,79.053125
eui-0002cc01000009ce,2024-09-18 20:53:01.534000+00:00,25,22,899.0,250.6875,39.0,1.60009765625,0.0,0.0,4.30078125,6.0,6.0,55.90447852292668,16.61071915883947,0.008056640625,5,,78.97578125
eui-0002cc01000009ce,2024-09-18 20:59:00.501000+00:00,25,24,955.5,254.625,29.5703125,1.2001953125,0.0,0.0,5.0,6.0,6.0,55.98840314335851,16.623421782043224,0.010009765625,5,,78.9546875
eui-0002cc01000009ce,2024-09-18 21:04:59.475000+00:00,22,20,833.75,233.375,31.203125,0.0,0.0,0.0,3.900390625,5.19921875,5.19921875,56.221866178377965,16.699851385838727,4.195068359375,5,,78.97578125
eui-0002cc01000009ce,2024-09-18 21:10:58.449000+00:00,23,19,899.75,250.25,33.203125,1.2001953125,0.0,0.0,4.0,5.5,5.5,56.33936064698253,16.692704625790824,0.008056640625,5,,78.8984375
eui-0002cc01000009ce,2024-09-18 21:16:57.423000+00:00,23,20,889.25,234.875,30.109375,0.0,0.0,0.0,4.0,5.400390625,5.400390625,56.57282368200198,16.77241092551491,0.010009765625,5,,78.9265625
eui-0002cc01000009ce,2024-09-18 21:22:56.381000+00:00,22,18,765.0,214.6875,32.5,1.39990234375,0.0,0.0,4.0,5.19921875,5.19921875,56.5468833447776,16.750620589775632,0.010009765625,5,,78.8984375
eui-0002cc01000009ce,2024-09-18 21:28:55.368000+00:00,23,18,929.0,244.125,35.0,0.0,0.0,0.0,4.5,5.5,5.5,56.69184405279621,16.7909658988997,0.008056640625,5,,78.8984375
eui-0002cc01000009ce,2024-09-18 21:34:54.365000+00:00,28,23,1026.0,268.75,47.59375,0.0,0.0,0.0,4.30078125,6.69921875,6.69921875,56.87190051117723,16.826379631663162,0.010009765625,5,,78.8703125
eui-0002cc01000009ce,2024-09-18 21:40:53.282000+00:00,22,22,902.75,227.3125,32.203125,0.0,0.0,0.0,4.0,5.19921875,5.19921875,56.9588769359884,16.865049500461613,0.010009765625,5,,78.8984375
eui-0002cc01000009ce,2024-09-18 21:46:52.318000+00:00,21,22,806.75,218.5,37.328125,0.0,0.0,0.0,3.7001953125,5.0,5.0,57.20454718852522,16.932937377578675,4.195068359375,5,,78.8984375
eui-0002cc01000009ce,2024-09-18 21:52:51.284000+00:00,19,22,788.75,211.8125,26.8984375,0.0,0.0,0.0,3.7001953125,4.400390625,4.400390625,57.4670023651484,17.034364515552614,4.1982421875,5,,78.9546875
eui-0002cc01000009ce,2024-09-18 21:58:50.275000+00:00,30,25,1033.0,273.875,47.59375,0.0,0.0,0.0,5.0,7.0,7.0,57.49446860456245,17.067446594873775,0.008056640625,5,,79.00390625
eui-0002cc01000009ce,2024-09-18 22:04:49.248000+00:00,21,28,960.0,252.6875,18.203125,0.0,0.0,0.0,4.599609375,5.0,5.0,57.53566796368353,17.16997008345896,0.008056640625,5,,79.1796875
eui-0002cc01000009ce,2024-09-18 22:10:48.224000+00:00,31,34,935.5,255.8125,55.4375,2.7998046875,0.0,0.0,4.0,7.30078125,7.30078125,57.49446860456245,17.19877574194263,4.1982421875,5,,79.25703125
eui-0002cc01000009ce,2024-09-18 22:16:47.197000+00:00,24,28,913.5,239.125,31.0,2.0,0.0,0.0,4.19921875,5.80078125,5.80078125,57.74471656366827,17.22731025569334,0.008056640625,5,,79.1796875
eui-0002cc01000009ce,2024-09-18 22:22:46.162000+00:00,22,27,847.75,241.375,27.6015625,0.0,0.0,0.0,4.0,5.30078125,5.30078125,58.0193789578088,17.27680679612832,0.008056640625,5,,79.13046875
eui-0002cc01000009ce,2024-09-18 22:28:45.172000+00:00,22,28,823.0,214.375,41.5625,0.0,0.0,0.0,3.7001953125,5.19921875,5.19921875,58.19485770962081,17.350163464609224,4.196044921875,5,,79.1796875
eui-0002cc01000009ce,2024-09-18 22:34:44.142000+00:00,26,30,1112.0,277.375,31.1015625,1.39990234375,0.0,0.0,5.0,6.19921875,6.900390625,58.33066300450141,17.387063743563505,0.010009765625,5,,79.1796875
eui-0002cc01000009ce,2024-09-18 22:40:43.095000+00:00,24,30,985.25,252.875,30.8984375,0.0,0.0,0.0,4.5,5.599609375,5.599609375,58.522926680399785,17.428208104762472,0.008056640625,5,,79.15859375
eui-0002cc01000009ce,2024-09-18 22:46:42.084000+00:00,27,34,910.5,257.75,45.40625,0.0,0.0,0.0,4.0,6.30078125,6.30078125,58.643472953383686,17.460802111920973,4.196044921875,5,,79.15859375
eui-0002cc01000009ce,2024-09-18 22:52:41.059000+00:00,28,27,1032.0,269.125,37.4375,3.0,0.0,0.0,4.5,6.69921875,6.69921875,58.91660944533455,17.534437166592777,0.008056640625,5,,79.15859375
eui-0002cc01000009ce,2024-09-18 22:58:40.062000+00:00,27,30,982.5,268.125,34.703125,2.0,0.0,0.0,5.0,6.400390625,6.400390625,59.22789349202717,17.588701912171548,0.008056640625,5,,79.10234375
eui-0002cc01000009ce,2024-09-18 23:04:39.002000+00:00,26,30,861.0,243.1875,45.40625,1.39990234375,0.0,0.0,4.30078125,6.099609375,6.099609375,59.54375524528878,17.662082099995285,4.1982421875,5,,79.08125
eui-0002cc01000009ce,2024-09-18 23:10:38.008000+00:00,19,33,776.75,199.5,29.3984375,0.0,0.0,0.0,3.2998046875,4.5,4.5,59.66277561608301,17.679111387302907,0.008056640625,5,,79.053125
eui-0002cc01000009ce,2024-09-18 23:16:36.975000+00:00,30,30,1143.0,307.5,34.796875,2.0,0.0,0.0,5.599609375,7.0,7.0,59.80163271534295,17.741664635596894,4.196044921875,5,,79.10234375
eui-0002cc01000009ce,2024-09-18 23:22:35.973000+00:00,18,30,883.5,221.6875,17.796875,0.0,0.0,0.0,3.0,4.30078125,4.30078125,59.96948195620661,17.760503029717217,0.010009765625,5,,79.053125
eui-0002cc01000009ce,2024-09-18 23:28:34.872000+00:00,19,31,821.25,217.1875,26.0,0.0,0.0,0.0,3.7001953125,4.400390625,4.400390625,59.90691996643015,17.809924271194298,0.008056640625,5,,79.1796875
eui-0002cc01000009ce,2024-09-18 23:34:33.911000+00:00,16,31,751.25,184.8125,20.0,0.0,0.0,0.0,3.2998046875,3.7998046875,3.7998046875,59.98779278248264,17.80568695000414,4.196044921875,5,,79.13046875
eui-0002cc01000009ce,2024-09-18 23:40:32.871000+00:00,21,30,746.0,209.1875,34.0,0.0,0.0,0.0,3.400390625,5.0,5.0,60.04882887006943,17.821841329835777,0.010009765625,5,,79.13046875
eui-0002cc01000009ce,2024-09-18 23:46:31.871000+00:00,17,27,793.75,196.3125,22.0,0.0,0.0,0.0,3.0,4.0,4.0,60.14343480582895,17.8211755391081,0.010009765625,5,,79.08125
eui-0002cc01000009ce,2024-09-18 23:52:30.842000+00:00,19,30,770.0,204.4375,29.3984375,0.0,0.0,0.0,3.5,4.599609375,4.599609375,60.19073777370871,17.844670865984643,4.196044921875,5,,79.10234375
eui-0002cc01000009ce,2024-09-18 23:58:29.806000+00:00,22,33,620.75,181.5625,46.703125,3.400390625,0.0,0.0,2.400390625,5.22265625,5.22265625,60.20447089341573,17.848295684557048,4.1982421875,5,,79.10234375
eui-0002cc01000009ce,2024-09-19 00:04:28.793000+00:00,28,31,1000.25,262.25,49.203125,2.0,0.0,0.0,4.5,6.599609375,6.599609375,60.33722438391699,17.872289619672614,4.196044921875,5,,79.08125
eui-0002cc01000009ce,2024-09-19 00:10:27.773000+00:00,27,34,941.25,260.125,34.0,1.39990234375,0.0,0.0,4.0,6.30078125,6.30078125,60.46387426565957,17.93131027277768,0.010009765625,5,,79.13046875
eui-0002cc01000009ce,2024-09-19 00:16:26.739000+00:00,24,31,846.0,234.125,31.3359375,1.39990234375,0.0,0.0,4.0,5.69921875,5.69921875,60.48676279850461,17.92264544017688,4.1982421875,5,,79.10234375
eui-0002cc01000009ce,2024-09-19 00:22:25.706000+00:00,28,33,1037.0,275.125,44.296875,0.0,0.0,0.0,5.0,6.599609375,6.599609375,60.66987106126497,17.98539745832299,4.196044921875,5,,79.13046875
eui-0002cc01000009ce,2024-09-19 00:28:24.731000+00:00,25,34,882.25,244.625,35.09375,3.0,0.0,0.0,4.5,6.0,6.0,60.822461280231934,18.040050525704583,0.008056640625,5,,79.15859375
eui-0002cc01000009ce,2024-09-19 00:34:23.658000+00:00,28,32,947.75,255.625,47.0,1.39990234375,0.0,0.0,4.30078125,6.599609375,6.599609375,60.91401541161211,18.063987409197747,4.1982421875,5,,79.15859375
eui-0002cc01000009ce,2024-09-19 00:40:22.653000+00:00,32,34,1047.5,270.25,52.5625,4.0,0.0,0.0,4.599609375,7.599609375,7.599609375,60.900282291905086,18.0603988914809,0.01123046875,5,,79.15859375
eui-0002cc01000009ce,2024-09-19 00:46:21.644000+00:00,17,33,773.25,210.5625,15.3984375,0.0,0.0,0.0,3.400390625,4.0,4.0,61.13679713130389,18.09269888602649,0.010009765625,5,,79.10234375
eui-0002cc01000009ce,2024-09-19 00:52:20.612000+00:00,32,34,964.5,251.625,53.40625,3.400390625,0.0,0.0,4.0,7.599609375,7.599609375,61.34431982909896,18.146653952815363,4.196044921875,5,,79.10234375
eui-0002cc01000009ce,2024-09-19 00:58:19.591000+00:00,29,33,949.0,250.375,37.328125,3.2001953125,0.0,0.0,4.0,6.80078125,6.80078125,61.37941557946136,18.155762858411528,0.010009765625,5,,79.10234375
eui-0002cc01000009ce,2024-09-19 01:04:18.568000+00:00,26,35,983.5,249.1875,41.203125,2.0,0.0,0.0,4.30078125,6.19921875,6.19921875,61.358052948805984,18.164926975610804,4.195068359375,5,,79.13046875
eui-0002cc01000009ce,2024-09-19 01:10:17.526000+00:00,27,35,996.25,263.5,44.203125,0.0,0.0,0.0,5.0,6.400390625,6.400390625,61.4526588845655,18.20417975122275,4.1982421875,5,,79.15859375
eui-0002cc01000009ce,2024-09-19 01:16:16.494000+00:00,29,33,947.75,278.25,59.203125,2.2001953125,0.0,0.0,5.0,6.900390625,6.900390625,61.5686274509804,18.234221585979142,0.008056640625,5,,79.15859375
eui-0002cc01000009ce,2024-09-19 01:22:15.415000+00:00,14,32,666.25,137.375,37.203125,3.7998046875,0.0,0.0,1.60009765625,3.400390625,4.0,61.57167925535973,18.24604718821261,4.295166015625,5,,79.1796875
eui-0002cc01000009ce,2024-09-19 01:28:14.471000+00:00,24,32,938.5,242.375,41.0,0.0,0.0,0.0,4.0,5.69921875,5.69921875,61.53658350499733,18.18546386562364,4.196044921875,5,,79.08125
eui-0002cc01000009ce,2024-09-19 01:34:13.457000+00:00,24,32,854.5,250.125,31.703125,1.60009765625,0.0,0.0,4.599609375,5.599609375,5.599609375,61.47554741741055,18.14023290098403,0.010009765625,5,,79.025
eui-0002cc01000009ce,2024-09-19 01:40:12.431000+00:00,26,33,888.5,215.375,39.40625,2.599609375,0.0,0.0,3.5,6.099609375,6.099609375,61.33058670939193,18.13205782901739,4.194091796875,5,,79.08125
eui-0002cc01000009ce,2024-09-19 01:46:11.414000+00:00,31,35,1097.0,293.875,54.796875,2.0,0.0,0.0,5.0,7.30078125,7.30078125,61.15510795757992,18.12687040513882,4.1982421875,5,,79.15859375
eui-0002cc01000009ce,2024-09-19 01:52:10.375000+00:00,30,30,1037.5,274.625,47.0,0.0,0.0,0.0,4.400390625,7.099609375,7.099609375,60.95368886854352,18.100068508974683,0.010009765625,5,,79.2078125
eui-0002cc01000009ce,2024-09-19 01:58:09.356000+00:00,31,30,1087.0,297.75,40.703125,0.0,0.0,0.0,5.900390625,7.30078125,7.30078125,60.72480354009308,18.05120642760832,0.010009765625,5,,79.22890625
eui-0002cc01000009ce,2024-09-19 02:04:08.330000+00:00,30,36,1184.5,310.375,33.09375,2.0,0.0,0.0,5.5,7.099609375,7.099609375,60.49134050507362,18.030296551249453,4.1982421875,5,,79.30625
eui-0002cc01000009ce,2024-09-19 02:10:07.310000+00:00,38,34,1193.5,327.625,53.796875,0.0,0.0,0.0,6.0,9.0,9.0,60.17700465400168,17.95843042941609,0.008056640625,5,,79.32734375
eui-0002cc01000009ce,2024-09-19 02:16:06.285000+00:00,35,33,1224.0,325.125,58.09375,2.0,0.0,0.0,5.599609375,8.25,8.25,59.9298084992752,17.881988014246026,4.1982421875,5,,79.30625
eui-0002cc01000009ce,2024-09-19 02:22:05.286000+00:00,38,32,1151.0,328.25,53.59375,2.599609375,0.0,0.0,6.30078125,8.8984375,8.8984375,59.65514610513466,17.83465124634616,0.008056640625,5,,79.35546875
eui-0002cc01000009ce,2024-09-19 02:28:04.254000+00:00,34,31,1206.0,333.25,46.40625,0.0,0.0,0.0,6.0,8.0,8.0,59.385061417563136,17.76257802930706,0.008056640625,5,,79.35546875
eui-0002cc01000009ce,2024-09-19 02:34:03.220000+00:00,40,31,1499.0,404.0,63.09375,0.0,0.0,0.0,7.80078125,9.5546875,9.5546875,59.21568627450981,17.731876654637404,4.1982421875,5,,79.38359375
eui-0002cc01000009ce,2024-09-19 02:40:02.236000+00:00,38,32,1301.5,350.0,62.09375,0.0,0.0,0.0,7.0,9.0,9.0,58.85862516212711,17.6066316329866,0.008056640625,5,,79.32734375
eui-0002cc01000009ce,2024-09-19 02:46:01.198000+00:00,37,29,1187.0,331.0,44.40625,4.0,0.0,0.0,6.19921875,8.80078125,8.80078125,58.8891432059205,17.592901474189677,4.195068359375,5,,79.28515625
eui-0002cc01000009ce,2024-09-19 02:52:00.157000+00:00,38,30,1061.0,316.25,70.3125,0.0,0.0,0.0,5.599609375,9.0,9.0,58.86167696650645,17.62208740434823,4.196044921875,5,,79.35546875
eui-0002cc01000009ce,2024-09-19 02:57:59.117000+00:00,25,29,911.5,249.625,33.40625,1.60009765625,0.0,0.0,4.5,6.0,6.0,58.82658121614404,17.576046440739727,4.196044921875,5,,79.28515625
eui-0002cc01000009ce,2024-09-19 03:03:58.128000+00:00,38,31,1107.0,316.0,69.09375,2.0,0.0,0.0,5.69921875,9.1015625,9.1015625,58.7380788891432,17.588750232122763,0.008056640625,5,,79.35546875
eui-0002cc01000009ce,2024-09-19 03:09:57.099000+00:00,38,31,1322.0,345.75,56.78125,1.0,0.0,0.0,6.0,9.0,9.0,58.7029831387808,17.593901493030117,4.196044921875,5,,79.38359375
eui-0002cc01000009ce,2024-09-19 03:15:55.983000+00:00,31,31,1150.0,314.75,51.296875,1.60009765625,0.0,0.0,6.30078125,7.400390625,8.0,58.66636148622873,17.584005674865956,0.010009765625,5,,79.38359375
eui-0002cc01000009ce,2024-09-19 03:21:55.026000+00:00,30,29,1115.0,290.5,44.5,2.0,0.0,0.0,5.0,7.0,7.0,58.66483558403906,17.568965785861142,4.196044921875,5,,79.35546875
eui-0002cc01000009ce,2024-09-19 03:27:54.010000+00:00,32,33,1165.5,291.375,50.90625,2.400390625,0.0,0.0,5.69921875,7.69921875,7.69921875,58.62821393148699,17.559065425686793,0.010009765625,5,,79.35546875
eui-0002cc01000009ce,2024-09-19 03:33:52.989000+00:00,26,29,972.25,248.0,47.296875,1.60009765625,0.0,0.0,4.30078125,6.099609375,6.099609375,58.62516212710765,17.543613853890633,4.196044921875,5,,79.32734375
eui-0002cc01000009ce,2024-09-19 03:39:51.976000+00:00,31,30,1025.5,263.5,47.40625,2.7998046875,0.0,0.0,4.5,7.30078125,7.30078125,58.61600671396963,17.555764098562292,0.010009765625,5,,79.35546875
eui-0002cc01000009ce,2024-09-19 03:45:50.955000+00:00,30,32,1022.25,269.375,49.40625,0.0,0.0,0.0,4.69921875,7.0,7.0,58.61905851834897,17.57121554315015,4.1982421875,5,,79.38359375
eui-0002cc01000009ce,2024-09-19 03:51:49.921000+00:00,30,33,1046.5,283.375,37.203125,1.60009765625,0.0,0.0,5.0,7.0,7.0,58.568703746089874,17.55759027643527,4.196044921875,5,,79.38359375
eui-0002cc01000009ce,2024-09-19 03:57:48.891000+00:00,30,31,1036.0,280.875,46.21875,0.0,0.0,0.0,5.0,7.19921875,7.19921875,58.518348973830776,17.52933172018449,0.010009765625,5,,79.35546875
eui-0002cc01000009ce,2024-09-19 04:03:47.874000+00:00,28,34,1012.5,268.375,43.09375,2.0,0.0,0.0,5.0,6.69921875,6.69921875,58.522926680399785,17.55616205437946,0.010009765625,5,,79.4046875
eui-0002cc01000009ce,2024-09-19 04:09:46.851000+00:00,27,33,1025.5,277.875,45.09375,0.0,0.0,0.0,5.0,6.30078125,6.30078125,58.46341649500267,17.554654989018747,4.196044921875,5,,79.4328125
eui-0002cc01000009ce,2024-09-19 04:15:45.832000+00:00,34,33,1125.5,313.625,46.203125,0.0,0.0,0.0,6.0,8.0,8.0,58.57785915922789,17.61125474571516,0.010009765625,5,,79.48203125
eui-0002cc01000009ce,2024-09-19 04:21:44.806000+00:00,31,34,1146.5,312.875,30.25,1.33349609375,0.0,0.0,6.0,7.400390625,7.22265625,58.4969863431754,17.614933234153614,4.196044921875,5,,79.53125
eui-0002cc01000009ce,2024-09-19 04:27:43.805000+00:00,21,39,873.25,235.5,21.5546875,0.0,0.0,0.0,4.0,5.0,5.0,58.54276340886549,17.616373323992153,4.196044921875,5,,79.51015625
eui-0002cc01000009ce,2024-09-19 04:33:42.761000+00:00,25,31,870.0,254.625,48.90625,0.0,0.0,0.0,4.30078125,6.0,6.0,58.519874876020445,17.61017107597088,0.008056640625,5,,79.51015625
eui-0002cc01000009ce,2024-09-19 04:39:41.750000+00:00,26,36,991.75,269.875,37.5625,2.0,0.0,0.0,5.0,6.111328125,6.111328125,58.478675516899365,17.584380117408465,4.2001953125,5,,79.48203125
eui-0002cc01000009ce,2024-09-19 04:45:40.718000+00:00,23,36,865.5,236.1875,30.375,1.0,0.0,0.0,4.30078125,5.400390625,5.400390625,58.48630502784771,17.560860581204743,0.008056640625,5,,79.4328125
eui-0002cc01000009ce,2024-09-19 04:51:39.710000+00:00,17,34,420.625,124.8125,49.0,0.0,0.0,0.0,2.0,4.0,4.0,58.45883878843366,17.527826671280682,4.1982421875,5,,79.38359375
eui-0002cc01000009ce,2024-09-19 04:57:38.694000+00:00,27,34,985.75,251.125,38.328125,1.2001953125,0.0,0.0,4.0,6.400390625,6.400390625,58.47409781033036,17.55755119754061,4.195068359375,5,,79.4328125
eui-0002cc01000009ce,2024-09-19 05:03:37.661000+00:00,48,34,1626.0,447.375,47.21875,2.0,0.0,0.0,8.0,11.5,11.5,58.44052796215762,17.548447262566032,0.010009765625,5,,79.4328125
eui-0002cc01000009ce,2024-09-19 05:09:36.637000+00:00,55,33,1643.5,506.125,76.40625,0.0,0.0,0.0,11.0,13.80078125,13.80078125,58.41763942931258,17.556857180397532,0.010009765625,5,,79.4609375
eui-0002cc01000009ce,2024-09-19 05:15:35.595000+00:00,53,32,1910.0,492.75,66.59375,0.0,0.0,0.0,9.69921875,13.0,13.0,58.40085450522621,17.53768214288952,4.19921875,5,,79.4328125
eui-0002cc01000009ce,2024-09-19 05:21:34.591000+00:00,52,38,1676.5,461.625,65.5,2.7998046875,0.0,0.0,8.5,12.5,12.5,58.3916990920882,17.54981596246104,4.196044921875,5,,79.4609375
eui-0002cc01000009ce,2024-09-19 05:27:33.561000+00:00,52,35,1814.5,480.5,69.40625,0.0,0.0,0.0,9.33203125,12.5,12.5,58.38254367895018,17.55829416773113,0.010009765625,5,,79.48203125
eui-0002cc01000009ce,2024-09-19 05:33:32.538000+00:00,55,35,1906.0,507.875,81.125,1.60009765625,0.0,0.0,10.0,13.80078125,13.80078125,58.37338826581216,17.57042615951455,0.008056640625,5,,79.51015625
eui-0002cc01000009ce,2024-09-19 05:39:31.507000+00:00,41,37,1505.0,390.5,65.90625,1.0,0.0,0.0,6.599609375,9.80078125,9.80078125,58.37186236362249,17.555393400538073,0.008056640625,5,,79.48203125
eui-0002cc01000009ce,2024-09-19 05:45:30.486000+00:00,50,32,1625.0,439.25,70.40625,4.0,0.0,0.0,8.0,11.8984375,11.8984375,58.27267872129397,17.528435417742724,0.008056640625,5,,79.48203125
eui-0002cc01000009ce,2024-09-19 05:51:29.462000+00:00,39,39,1407.5,382.875,62.171875,3.7998046875,0.0,0.0,6.599609375,9.33203125,10.0,58.142977035172045,17.518691538283377,4.196044921875,5,,79.53125
eui-0002cc01000009ce,2024-09-19 05:57:28.439000+00:00,35,38,1441.0,381.625,38.0,1.39990234375,0.0,0.0,7.30078125,8.3984375,8.3984375,58.25894560158694,17.579504980117942,0.008056640625,5,,79.5875
eui-0002cc01000009ce,2024-09-19 06:03:27.429000+00:00,36,40,1391.0,357.625,31.0,5.19921875,0.0,0.0,6.599609375,8.6015625,8.6015625,58.16128786144808,17.563864381337993,4.196044921875,5,,79.60859375
eui-0002cc01000009ce,2024-09-19 06:09:26.399000+00:00,30,36,1286.5,325.25,27.3984375,0.0,0.0,0.0,6.0,7.0,7.0,58.1353475242237,17.545833591870775,0.010009765625,5,,79.5875
eui-0002cc01000009ce,2024-09-19 06:15:25.461000+00:00,37,39,1307.5,341.75,58.203125,1.39990234375,0.0,0.0,6.0,8.69921875,8.69921875,58.09414816510262,17.574772087383646,0.008056640625,5,,79.66484375
eui-0002cc01000009ce,2024-09-19 06:21:24.348000+00:00,37,39,1335.0,360.5,45.5,1.60009765625,0.0,0.0,7.0,8.69921875,8.69921875,58.06668192568856,17.56727404004144,4.196044921875,5,,79.66484375
eui-0002cc01000009ce,2024-09-19 06:27:23.324000+00:00,42,43,1363.5,384.0,52.5,0.0,0.0,0.0,7.400390625,9.8984375,9.8984375,58.10788128480964,17.589477348341536,0.010009765625,5,,79.6859375
eui-0002cc01000009ce,2024-09-19 06:33:22.324000+00:00,31,44,1243.0,328.25,36.0,0.0,0.0,0.0,6.30078125,7.400390625,7.400390625,58.08346684977493,17.582813394660203,4.1982421875,5,,79.6859375
eui-0002cc01000009ce,2024-09-19 06:39:21.279000+00:00,30,40,1131.5,291.125,43.296875,0.0,0.0,0.0,5.5,7.0,7.0,58.03768978408484,17.581267609519152,0.010009765625,5,,79.70703125
eui-0002cc01000009ce,2024-09-19 06:45:20.267000+00:00,35,42,1227.5,330.75,46.0,0.0,0.0,0.0,6.30078125,8.30078125,8.30078125,58.0148012512398,17.58961999439341,0.008056640625,5,,79.73515625
eui-0002cc01000009ce,2024-09-19 06:51:19.256000+00:00,25,42,1019.75,266.125,26.1015625,2.0,0.0,0.0,5.0,6.0,6.0,57.95223926146334,17.57251124887912,4.196044921875,5,,79.73515625
eui-0002cc01000009ce,2024-09-19 06:57:18.227000+00:00,25,44,893.0,260.25,38.203125,0.0,0.0,0.0,4.599609375,6.0,6.0,57.91561760891127,17.56248884472173,0.010009765625,5,,79.73515625
eui-0002cc01000009ce,2024-09-19 07:03:17.196000+00:00,27,42,908.75,256.375,42.90625,0.0,0.0,0.0,4.69921875,6.30078125,6.30078125,57.67147325856413,17.495530205057523,4.1982421875,5,,79.73515625
eui-0002cc01000009ce,2024-09-19 07:09:16.160000+00:00,27,47,1051.5,268.25,34.0,1.2001953125,0.0,0.0,4.599609375,6.30078125,6.30078125,57.72640573739224,17.550762000843967,0.01611328125,5,,79.8125
eui-0002cc01000009ce,2024-09-19 07:15:15.155000+00:00,24,42,898.25,240.625,47.59375,0.0,0.0,0.0,3.7998046875,5.80078125,5.80078125,57.66689555199512,17.53441174176112,0.010009765625,5,,79.8125
eui-0002cc01000009ce,2024-09-19 07:21:14.129000+00:00,28,44,1039.5,288.5,36.703125,0.0,0.0,0.0,5.0,6.69921875,6.69921875,57.640955214770734,17.527280067367073,4.195068359375,5,,79.8125
eui-0002cc01000009ce,2024-09-19 07:27:13.101000+00:00,21,45,872.5,223.125,31.6015625,0.0,0.0,0.0,3.7001953125,5.0,5.0,57.66689555199512,17.53441174176112,0.010009765625,5,,79.8125
eui-0002cc01000009ce,2024-09-19 07:33:12.098000+00:00,26,46,947.0,252.125,44.40625,1.39990234375,0.0,0.0,4.400390625,6.19921875,6.19921875,57.595178149080645,17.529281704890334,0.008056640625,5,,79.840625
eui-0002cc01000009ce,2024-09-19 07:39:11.055000+00:00,23,47,960.5,242.25,25.6015625,0.0,0.0,0.0,5.0,5.5,5.5,57.5722896162356,17.53757467110573,4.195068359375,5,,79.86875
eui-0002cc01000009ce,2024-09-19 07:45:10.052000+00:00,17,45,792.0,202.125,28.296875,0.0,0.0,0.0,3.400390625,4.0,4.0,57.5020981155108,17.518238482681358,0.008056640625,5,,79.86875
eui-0002cc01000009ce,2024-09-19 07:51:09.025000+00:00,31,47,1079.0,295.0,48.796875,2.0,0.0,0.0,5.30078125,7.400390625,7.80078125,57.46089875638972,17.492289698329152,4.203125,5,,79.840625
eui-0002cc01000009ce,2024-09-19 07:57:08.001000+00:00,24,47,940.25,260.375,20.796875,0.0,0.0,0.0,4.80078125,5.599609375,5.599609375,57.52651255054551,17.535910164168552,4.1982421875,5,,79.88984375
eui-0002cc01000009ce,2024-09-19 08:03:06.980000+00:00,25,49,902.0,226.1875,44.296875,0.0,0.0,0.0,4.0,6.0,6.0,57.5020981155108,17.518238482681358,2.7861328125,5,,79.86875
eui-0002cc01000009ce,2024-09-19 08:09:05.961000+00:00,21,49,742.75,215.125,19.125,2.0,0.0,0.0,3.7001953125,5.0,5.0,57.57991912718395,17.495895119167507,0.010009765625,5,,79.784375
eui-0002cc01000009ce,2024-09-19 08:15:04.933000+00:00,29,46,894.5,251.125,48.09375,1.60009765625,0.0,0.0,4.0,6.80078125,6.80078125,57.57076371404593,17.522561523959627,4.1982421875,5,,79.840625
eui-0002cc01000009ce,2024-09-19 08:21:03.912000+00:00,27,46,918.0,258.375,47.703125,0.0,0.0,0.0,4.5,6.5,6.5,57.54329747463188,17.50040610255705,0.008056640625,5,,79.8125
eui-0002cc01000009ce,2024-09-19 08:27:02.882000+00:00,25,43,857.25,246.375,47.5625,0.0,0.0,0.0,4.0,6.0,6.0,57.54329747463188,17.50040610255705,4.1982421875,5,,79.8125
eui-0002cc01000009ce,2024-09-19 08:33:01.862000+00:00,24,46,916.5,237.8125,29.3359375,2.0,0.0,0.0,4.0,5.599609375,5.599609375,57.387655451285575,17.472080224952542,4.1982421875,5,,79.840625
eui-0002cc01000009ce,2024-09-19 08:39:00.832000+00:00,30,45,974.5,268.0,50.90625,2.0,0.0,0.0,4.5,7.0,7.19921875,57.42580300602732,17.49719735804207,0.010009765625,5,,79.86875
eui-0002cc01000009ce,2024-09-19 08:44:59.814000+00:00,26,48,929.0,241.3125,36.703125,4.0,0.0,0.0,4.30078125,6.19921875,6.19921875,57.36476691844053,17.48034677181355,4.1982421875,5,,79.86875
eui-0002cc01000009ce,2024-09-19 08:50:58.783000+00:00,26,45,932.5,253.8125,42.0,1.60009765625,0.0,0.0,4.30078125,6.19921875,6.19921875,57.29304951552606,17.471465486130526,4.1982421875,5,,79.88984375
eui-0002cc01000009ce,2024-09-19 08:56:57.768000+00:00,23,48,838.5,211.5,46.90625,2.0,0.0,0.0,3.5,5.5,5.5,57.19081406881819,17.4176547881842,0.010009765625,5,,79.840625
eui-0002cc01000009ce,2024-09-19 09:02:56.728000+00:00,27,45,906.5,255.375,44.5,0.0,0.0,0.0,4.599609375,6.30078125,6.30078125,57.08552681773099,17.403053929798542,4.196044921875,5,,79.86875
eui-0002cc01000009ce,2024-09-19 09:08:55.718000+00:00,25,45,917.25,260.25,46.0,0.0,0.0,0.0,4.5,6.0,6.0,57.02601663233387,17.41204689114697,0.008056640625,5,,79.91796875
eui-0002cc01000009ce,2024-09-19 09:14:54.712000+00:00,25,47,913.5,252.625,51.5,0.0,0.0,0.0,4.19921875,5.900390625,5.900390625,57.003128099488826,17.405689628465165,4.196044921875,5,,79.91796875
eui-0002cc01000009ce,2024-09-19 09:20:53.684000+00:00,25,45,856.0,227.6875,51.203125,0.0,0.0,0.0,4.30078125,6.0,6.0,57.00007629510949,17.390266580374966,0.008056640625,5,,79.88984375
eui-0002cc01000009ce,2024-09-19 09:26:52.661000+00:00,24,49,970.75,241.1875,37.0,0.0,0.0,0.0,4.400390625,5.69921875,5.69921875,57.01228351262685,17.39365717936856,4.196044921875,5,,79.88984375
eui-0002cc01000009ce,2024-09-19 09:32:51.575000+00:00,27,45,832.25,257.125,47.4375,1.0,0.0,0.0,4.69921875,6.5,6.5,56.74830243381399,17.345685755513312,0.010009765625,5,,79.9390625
eui-0002cc01000009ce,2024-09-19 09:38:50.609000+00:00,27,45,915.0,258.5,43.40625,1.2001953125,0.0,0.0,5.0,6.30078125,6.30078125,56.58808270389868,17.30094228986305,4.196044921875,5,,79.9390625
eui-0002cc01000009ce,2024-09-19 09:44:49.573000+00:00,26,44,1007.75,251.625,40.5,2.400390625,0.0,0.0,4.30078125,6.099609375,6.099609375,56.57740138857099,17.29795543700993,0.008056640625,5,,79.9390625
eui-0002cc01000009ce,2024-09-19 09:50:48.554000+00:00,23,47,897.0,245.1875,34.59375,0.0,0.0,0.0,4.400390625,5.400390625,5.400390625,56.53772793163958,17.275936497052623,4.1982421875,5,,79.91796875
eui-0002cc01000009ce,2024-09-19 09:56:47.525000+00:00,23,45,916.5,245.375,26.859375,0.0,0.0,0.0,3.900390625,5.5,5.5,56.45532921339742,17.26378474934677,0.010009765625,5,,79.9390625
eui-0002cc01000009ce,2024-09-19 10:02:46.516000+00:00,25,46,1012.5,266.5,37.0,0.0,0.0,0.0,4.80078125,6.0,6.0,56.220340276188296,17.186909930211957,4.1982421875,5,,79.91796875
eui-0002cc01000009ce,2024-09-19 10:08:45.484000+00:00,23,47,894.0,236.5625,29.203125,0.0,0.0,0.0,4.0,5.4453125,5.4453125,56.36682688639658,17.228053831115336,4.1982421875,5,,79.91796875
eui-0002cc01000009ce,2024-09-19 10:14:44.456000+00:00,30,42,1082.0,302.0,48.203125,0.0,0.0,0.0,5.599609375,7.0,7.0,56.391241321431295,17.234902013663792,0.010009765625,5,,79.91796875
eui-0002cc01000009ce,2024-09-19 10:20:43.451000+00:00,27,45,955.75,245.875,55.40625,0.0,0.0,0.0,4.0,6.5,6.5,56.31647211413748,17.199367338052145,4.196044921875,5,,79.88984375
eui-0002cc01000009ce,2024-09-19 10:26:42.426000+00:00,27,47,925.25,259.875,40.09375,2.0,0.0,0.0,4.69921875,6.400390625,6.400390625,56.353093766689554,17.224200583250514,0.010009765625,5,,79.91796875
eui-0002cc01000009ce,2024-09-19 10:32:41.414000+00:00,28,43,964.0,261.375,39.09375,2.7998046875,0.0,0.0,4.5,6.599609375,6.599609375,56.220340276188296,17.186909930211957,0.008056640625,5,,79.91796875
eui-0002cc01000009ce,2024-09-19 10:38:40.362000+00:00,27,47,916.5,255.0,39.59375,0.0,0.0,0.0,4.30078125,6.30078125,6.30078125,56.1196307316701,17.144021139660175,4.1982421875,5,,79.88984375
eui-0002cc01000009ce,2024-09-19 10:44:39.355000+00:00,25,42,872.5,240.6875,33.40625,2.2001953125,0.0,0.0,4.0,5.900390625,5.900390625,56.353093766689554,17.224200583250514,4.196044921875,5,,79.91796875
eui-0002cc01000009ce,2024-09-19 10:50:38.319000+00:00,25,45,880.0,240.625,39.5,0.0,0.0,0.0,4.0,6.0,6.0,56.21118486305028,17.19524820271213,0.008056640625,5,,79.9390625
eui-0002cc01000009ce,2024-09-19 10:56:37.299000+00:00,29,45,1056.0,273.625,48.296875,3.2001953125,2.0,0.0,5.0,6.900390625,8.1015625,56.11505302510109,17.182737608199957,4.1982421875,5,,79.9671875
eui-0002cc01000009ce,2024-09-19 11:02:36.271000+00:00,27,44,879.0,247.6875,49.0,1.7998046875,1.60009765625,0.0,4.5,6.30078125,6.69921875,55.931944762340734,17.13107985906253,4.195068359375,5,,79.9671875
eui-0002cc01000009ce,2024-09-19 11:08:35.262000+00:00,24,47,880.0,245.375,35.796875,0.0,0.0,0.0,4.599609375,5.69921875,5.69921875,55.7579919127184,17.067331028040734,0.008056640625,5,,79.9390625
eui-0002cc01000009ce,2024-09-19 11:14:34.240000+00:00,21,44,909.5,221.75,27.703125,2.0,0.0,0.0,4.0,5.0,5.0,55.64965285725185,17.065681676777412,4.195068359375,5,,79.9953125
eui-0002cc01000009ce,2024-09-19 11:20:33.228000+00:00,25,44,860.5,229.6875,43.09375,1.60009765625,0.0,0.0,4.0,6.0,6.0,55.886167696650645,17.143587459049105,0.008056640625,5,,80.01640625
eui-0002cc01000009ce,2024-09-19 11:26:32.139000+00:00,28,47,930.0,265.875,51.40625,0.0,0.0,0.0,4.30078125,6.69921875,6.69921875,55.803768978408485,17.149346500263075,0.010009765625,5,,80.07265625
eui-0002cc01000009ce,2024-09-19 11:32:31.185000+00:00,25,51,945.0,258.875,41.21875,0.0,0.0,0.0,4.5,6.0,6.0,55.73510337987335,17.075381809384563,4.195068359375,5,,79.9671875
eui-0002cc01000009ce,2024-09-19 11:38:30.140000+00:00,25,45,865.0,237.8125,41.21875,2.0,0.0,0.0,4.0,6.0,6.0,55.54283970397498,17.04623818640552,0.010009765625,5,,80.01640625
eui-0002cc01000009ce,2024-09-19 11:44:29.128000+00:00,30,51,940.75,269.5,47.203125,1.39990234375,0.0,0.0,4.599609375,7.0,7.0,55.89684901197833,17.14660766710431,0.010009765625,5,,80.01640625
eui-0002cc01000009ce,2024-09-19 11:50:28.116000+00:00,25,47,980.0,253.0,36.296875,0.0,0.0,0.0,4.400390625,6.0,6.0,56.00518806744488,17.16630468467619,0.010009765625,5,,79.9953125
eui-0002cc01000009ce,2024-09-19 11:56:27.079000+00:00,26,45,1001.25,259.5,39.296875,1.2001953125,0.0,0.0,4.599609375,6.099609375,6.099609375,56.07843137254902,17.18696414975059,4.196044921875,5,,79.9953125
eui-0002cc01000009ce,2024-09-19 12:02:26.059000+00:00,25,44,958.5,265.875,50.90625,1.0,0.0,0.0,4.900390625,5.875,5.875,55.85870145723659,17.110375150651386,0.010009765625,5,,79.9671875
eui-0002cc01000009ce,2024-09-19 12:08:25.028000+00:00,25,47,989.75,275.25,29.109375,0.0,0.0,0.0,5.0,6.0,6.0,55.95941100175479,17.16428728213678,4.195068359375,5,,80.01640625
eui-0002cc01000009ce,2024-09-19 12:14:23.997000+00:00,27,47,906.5,247.8125,52.59375,0.0,0.0,0.0,4.0,6.400390625,6.400390625,55.88158999008164,17.116847932847413,0.008056640625,5,,79.9671875
eui-0002cc01000009ce,2024-09-19 12:20:23.011000+00:00,24,48,938.0,239.3125,32.0,0.0,0.0,0.0,4.400390625,5.69921875,5.69921875,55.72137026016632,17.07148945303339,0.008056640625,5,,79.9671875
eui-0002cc01000009ce,2024-09-19 12:26:21.946000+00:00,29,45,1027.5,272.875,50.203125,0.0,0.0,0.0,5.0,6.80078125,6.80078125,55.58556496528573,17.01842222596566,4.195068359375,5,,79.9390625
eui-0002cc01000009ce,2024-09-19 12:32:20.941000+00:00,23,44,868.5,238.125,31.296875,0.0,0.0,0.0,4.30078125,5.5,5.5,55.43450064850843,17.029935079305577,4.1982421875,5,,80.04453125
eui-0002cc01000009ce,2024-09-19 12:38:19.923000+00:00,29,47,1065.0,275.375,47.40625,0.0,0.0,0.0,5.0,6.900390625,6.900390625,55.49706263828489,17.047746092262496,4.196044921875,5,,80.04453125
eui-0002cc01000009ce,2024-09-19 12:44:18.911000+00:00,35,44,1174.0,312.875,56.78125,1.2001953125,0.0,0.0,5.69921875,8.33203125,8.33203125,55.52452887769894,17.070088529590787,0.010009765625,5,,80.07265625
eui-0002cc01000009ce,2024-09-19 12:50:17.876000+00:00,31,46,1098.0,294.25,46.0,0.0,0.0,0.0,5.5,7.30078125,7.30078125,55.30174715800717,17.00660385565459,4.196044921875,5,,80.07265625
eui-0002cc01000009ce,2024-09-19 12:56:16.857000+00:00,24,45,998.75,254.875,40.0,1.0,1.0,0.0,4.400390625,5.69921875,6.19921875,55.4711223010605,17.10573349556651,4.1982421875,5,,80.17109375
eui-0002cc01000009ce,2024-09-19 13:02:15.819000+00:00,32,47,1105.5,297.5,52.703125,1.2001953125,0.0,0.0,5.19921875,7.69921875,7.69921875,55.23765926604105,17.039116966184363,0.008056640625,5,,80.17109375
eui-0002cc01000009ce,2024-09-19 13:08:14.818000+00:00,24,45,919.0,252.8125,24.796875,0.0,0.0,0.0,4.400390625,5.599609375,5.599609375,55.135423819333184,17.060672380533024,0.010009765625,5,,80.26953125
eui-0002cc01000009ce,2024-09-19 13:14:13.788000+00:00,32,45,1110.5,299.125,46.5,2.0,0.0,0.0,5.0,7.69921875,7.69921875,55.05455100328069,17.062889433849026,0.008056640625,5,,80.31875
eui-0002cc01000009ce,2024-09-19 13:20:12.712000+00:00,36,47,1229.5,335.0,45.78125,1.2001953125,0.0,0.0,6.0,8.5,8.5,55.14000152590219,17.15270636042357,0.008056640625,5,,80.4453125
eui-0002cc01000009ce,2024-09-19 13:26:11.727000+00:00,28,54,1088.5,281.625,43.59375,1.2001953125,0.0,0.0,5.0,6.69921875,7.0,55.86785687037461,17.400110337463904,0.010009765625,5,,80.52265625
eui-0002cc01000009ce,2024-09-19 13:32:10.709000+00:00,39,59,1310.5,352.375,65.5,2.0,0.0,0.0,6.400390625,9.19921875,9.19921875,55.79003585870146,17.418013676645373,0.010009765625,5,,80.6
eui-0002cc01000009ce,2024-09-19 13:38:09.689000+00:00,35,61,1152.5,312.5,62.796875,1.2001953125,0.0,0.0,5.599609375,8.19921875,8.19921875,56.05249103532464,17.53235813349294,4.1982421875,5,,80.67734375
eui-0002cc01000009ce,2024-09-19 13:44:08.675000+00:00,31,63,1153.0,317.25,39.0,0.0,0.0,0.0,5.80078125,7.400390625,7.400390625,56.33936064698253,17.63876616667653,0.010009765625,5,,80.7265625
eui-0002cc01000009ce,2024-09-19 13:50:07.647000+00:00,35,66,1173.5,322.5,52.703125,2.0,0.0,0.0,6.0,8.19921875,8.19921875,56.87190051117723,17.81723578160936,0.010009765625,5,,80.7828125
eui-0002cc01000009ce,2024-09-19 13:56:06.546000+00:00,48,63,1252.5,342.625,81.09375,9.75,0.0,0.0,6.0,11.30078125,11.30078125,56.41260395208667,17.72487554276074,4.196044921875,5,,80.853125
eui-0002cc01000009ce,2024-09-19 14:02:05.622000+00:00,28,68,1150.0,314.625,29.4453125,0.0,0.0,0.0,6.0,6.69921875,6.69921875,56.31189440756848,17.685600387284616,0.008056640625,5,,80.83203125
eui-0002cc01000009ce,2024-09-19 14:08:04.578000+00:00,31,62,1095.5,304.25,38.703125,0.0,0.0,0.0,5.69921875,7.30078125,7.30078125,55.44365606164645,17.450140229118645,0.008056640625,5,,80.853125
eui-0002cc01000009ce,2024-09-19 14:14:03.566000+00:00,38,63,1250.5,321.25,65.90625,1.60009765625,0.0,0.0,6.0,9.0,9.0,55.043869687953006,17.3645771721253,4.195068359375,5,,80.909375
eui-0002cc01000009ce,2024-09-19 14:20:02.556000+00:00,36,62,1291.0,330.5,53.5,1.2001953125,0.0,0.0,5.900390625,8.6015625,8.6015625,55.49401083390555,17.54441267746944,4.1982421875,5,,81.0078125
eui-0002cc01000009ce,2024-09-19 14:26:01.530000+00:00,40,61,1309.0,366.25,61.296875,0.0,0.0,0.0,6.69921875,9.5,9.5,54.78294041351949,17.340138588468214,0.010009765625,5,,81.0078125
eui-0002cc01000009ce,2024-09-19 14:32:00.527000+00:00,36,65,1346.0,322.875,59.21875,4.0,0.0,0.0,6.0,8.4453125,9.19921875,54.93553063248645,17.424065572244942,0.010009765625,5,,81.08515625
eui-0002cc01000009ce,2024-09-19 14:37:59.485000+00:00,34,62,1284.5,348.375,58.796875,0.0,0.0,0.0,6.400390625,8.1015625,8.1015625,54.35263599603265,17.29145382745302,4.196044921875,5,,81.15546875
eui-0002cc01000009ce,2024-09-19 14:43:58.448000+00:00,39,65,1301.5,350.75,66.40625,0.0,0.0,0.0,6.0,9.19921875,9.19921875,54.4808117799649,17.357711084339925,0.008056640625,5,,81.21171875
eui-0002cc01000009ce,2024-09-19 14:49:57.425000+00:00,40,66,1264.5,344.625,66.3125,3.599609375,0.0,0.0,6.19921875,9.6015625,9.6015625,54.349584191653314,17.341274676317564,4.1982421875,5,,81.25390625
eui-0002cc01000009ce,2024-09-19 14:55:56.404000+00:00,36,67,1192.5,333.0,54.78125,2.2001953125,0.0,0.0,6.0,8.6015625,8.6015625,54.65629053177691,17.430372108584347,0.010009765625,5,,81.25390625
eui-0002cc01000009ce,2024-09-19 15:01:55.370000+00:00,43,70,1382.0,370.875,88.40625,1.2001953125,1.60009765625,1.60009765625,7.0,10.30078125,11.0,54.46402685587854,17.40355528405095,0.010009765625,5,,81.31015625
eui-0002cc01000009ce,2024-09-19 15:07:54.349000+00:00,38,69,1200.0,327.875,66.90625,1.39990234375,0.0,0.0,5.599609375,9.0,9.0,54.24429694056611,17.350420173995726,4.195068359375,5,,81.33125
eui-0002cc01000009ce,2024-09-19 15:13:53.331000+00:00,35,72,1122.5,287.25,71.1875,1.2001953125,0.0,0.0,4.599609375,8.19921875,8.19921875,53.85519188220035,17.25099094817793,0.008056640625,5,,81.359375
eui-0002cc01000009ce,2024-09-19 15:19:52.303000+00:00,30,68,1247.5,321.625,46.5,0.0,0.0,0.0,5.599609375,7.22265625,7.22265625,53.841458762493325,17.246957266077892,4.196044921875,5,,81.359375
eui-0002cc01000009ce,2024-09-19 15:25:51.273000+00:00,47,71,1400.0,389.0,58.203125,6.400390625,0.0,0.0,7.30078125,11.19921875,11.19921875,53.711757076371406,17.223283937151887,0.008056640625,5,,81.3875
eui-0002cc01000009ce,2024-09-19 15:31:50.257000+00:00,38,72,1340.0,366.25,55.4375,0.0,0.0,0.0,7.0,9.0,9.0,53.60189211871519,17.201757379288434,4.195068359375,5,,81.40859375
eui-0002cc01000009ce,2024-09-19 15:37:49.238000+00:00,41,70,1389.5,381.875,55.203125,0.0,0.0,0.0,7.19921875,9.69921875,9.69921875,53.296711680781264,17.125968096289988,4.1982421875,5,,81.43671875
eui-0002cc01000009ce,2024-09-19 15:43:48.212000+00:00,42,75,1347.0,372.875,70.1875,1.60009765625,0.0,0.0,7.30078125,9.8984375,9.8984375,53.43251697566186,17.16618649585068,4.195068359375,5,,81.43671875
eui-0002cc01000009ce,2024-09-19 15:49:47.121000+00:00,45,67,1420.0,390.0,67.875,0.0,0.0,0.0,7.400390625,10.69921875,10.69921875,53.31349660486763,17.15623815386344,0.010009765625,5,,81.4859375
eui-0002cc01000009ce,2024-09-19 15:55:46.167000+00:00,38,69,1290.5,343.0,66.40625,0.0,0.0,0.0,6.0,8.8984375,8.8984375,53.18074311436637,17.11683967708315,4.196044921875,5,,81.4859375
eui-0002cc01000009ce,2024-09-19 16:01:45.133000+00:00,48,70,1456.0,396.375,95.3125,4.0,0.0,0.0,7.19921875,11.30078125,12.1015625,53.14564736400397,17.131694036773684,4.196044921875,5,,81.53515625
eui-0002cc01000009ce,2024-09-19 16:07:44.117000+00:00,39,74,1405.0,367.375,60.40625,0.0,0.0,0.0,7.0,9.30078125,9.30078125,52.9579613946746,17.06497020432841,0.010009765625,5,,81.5140625
eui-0002cc01000009ce,2024-09-19 16:13:43.034000+00:00,45,66,1514.5,407.5,58.40625,0.0,0.0,0.0,8.0,10.6015625,10.6015625,52.6009002822919,16.983417971889125,0.010009765625,5,,81.56328125
eui-0002cc01000009ce,2024-09-19 16:19:42.064000+00:00,41,68,1330.0,355.25,81.09375,2.0,2.0,0.0,6.69921875,9.69921875,10.5,52.77943083848325,17.036910212302335,0.008056640625,5,,81.56328125
eui-0002cc01000009ce,2024-09-19 16:25:41.067000+00:00,37,74,1253.5,342.625,54.59375,4.599609375,0.0,0.0,6.400390625,8.69921875,9.5,52.96253910124361,17.091609165791084,0.010009765625,5,,81.56328125
eui-0002cc01000009ce,2024-09-19 16:31:40.020000+00:00,41,72,1288.5,330.875,66.0,0.0,0.0,0.0,6.0,9.69921875,9.69921875,52.91065842679484,17.05085724733325,4.196044921875,5,,81.5140625
eui-0002cc01000009ce,2024-09-19 16:37:38.998000+00:00,38,70,1412.5,374.625,44.203125,0.0,0.0,0.0,6.599609375,9.1015625,9.1015625,52.81605249103532,17.03342604780725,0.008056640625,5,,81.53515625
eui-0002cc01000009ce,2024-09-19 16:43:37.983000+00:00,38,71,1414.0,362.625,60.5,0.0,0.0,0.0,7.0,9.0,9.0,52.78858625162127,17.02521274997646,4.196044921875,5,,81.53515625
eui-0002cc01000009ce,2024-09-19 16:49:36.957000+00:00,47,80,1571.5,418.125,86.3125,1.2001953125,0.0,0.0,8.19921875,11.19921875,11.19921875,52.82825970855268,17.037075197928104,0.008056640625,5,,81.53515625
eui-0002cc01000009ce,2024-09-19 16:55:36.088000+00:00,269,82,29456.0,8364.0,2345.0,248.8125,29.8984375,17.8984375,114.6875,218.6875,240.375,53.28145265888457,17.17202840292966,0.010009765625,5,,81.53515625
eui-0002cc01000009ce,2024-09-19 17:01:34.869000+00:00,223,81,23488.0,6746.0,1853.5,183.875,28.3984375,13.19921875,91.8125,172.875,190.6875,53.31044480048829,17.140879608070097,0.008056640625,5,,81.4578125
eui-0002cc01000009ce,2024-09-19 17:07:33.893000+00:00,243,81,25568.0,7252.0,2099.0,205.3125,16.796875,10.19921875,99.3125,192.875,205.375,53.250934615091175,17.123229965223302,4.195068359375,5,,81.4578125
eui-0002cc01000009ce,2024-09-19 17:13:32.873000+00:00,234,79,24376.0,6940.0,1954.0,218.875,33.90625,17.0,95.59375,183.3125,205.125,53.337911039902345,17.17792910910669,0.008056640625,5,,81.5140625
eui-0002cc01000009ce,2024-09-19 17:19:31.810000+00:00,183,80,16728.0,4748.0,1262.5,98.75,9.33203125,2.0,65.0,116.90625,123.40625,53.32417792019532,17.159404398717218,0.010009765625,5,,81.4859375
eui-0002cc01000009ce,2024-09-19 17:25:30.788000+00:00,159,84,10072.0,2846.0,734.25,69.5625,5.0,0.0,37.21875,71.25,79.09375,53.162432288090336,17.086112970846145,4.196044921875,5,,81.43671875
eui-0002cc01000009ce,2024-09-19 17:31:29.770000+00:00,138,81,6992.0,1974.0,455.0,29.25,5.400390625,2.7998046875,30.3984375,50.40625,62.0,53.24177920195316,17.149416112258706,4.195068359375,5,,81.5140625
eui-0002cc01000009ce,2024-09-19 17:37:28.696000+00:00,129,81,6148.0,1733.5,404.25,28.796875,0.0,0.0,29.296875,46.703125,56.0,53.208209353780425,17.150286271634673,4.1982421875,5,,81.53515625
eui-0002cc01000009ce,2024-09-19 17:43:27.727000+00:00,108,79,4456.0,1241.5,283.375,25.0,1.39990234375,0.0,22.703125,38.203125,45.0,53.1090257114519,17.120801853594813,4.201171875,5,,81.53515625
eui-0002cc01000009ce,2024-09-19 17:49:26.721000+00:00,90,84,3467.0,929.0,206.875,6.0,0.0,0.0,19.203125,30.296875,30.5,53.05409323262379,17.079172006318977,0.008056640625,5,,81.4859375
eui-0002cc01000009ce,2024-09-19 17:55:25.694000+00:00,82,82,3119.0,865.75,172.3125,7.556640625,0.0,0.0,16.8984375,26.4296875,26.4296875,52.98390173189898,17.07270486650041,4.2001953125,5,,81.5140625
eui-0002cc01000009ce,2024-09-19 18:01:24.672000+00:00,68,86,2823.0,750.5,112.90625,0.0,0.0,0.0,16.296875,20.203125,20.203125,52.967116807812616,17.0388156013612,4.196044921875,5,,81.4578125
eui-0002cc01000009ce,2024-09-19 18:07:23.657000+00:00,69,82,2529.0,691.25,143.8125,0.0,0.0,0.0,13.8984375,20.296875,20.296875,52.80994888227664,16.991898902707174,0.010009765625,5,,81.4578125
eui-0002cc01000009ce,2024-09-19 18:13:22.630000+00:00,68,83,2305.0,616.75,144.875,6.19921875,0.0,0.0,11.66796875,20.0,20.0,52.73212787060349,16.943362051270885,4.196044921875,5,,81.40859375
eui-0002cc01000009ce,2024-09-19 18:19:21.609000+00:00,59,81,2152.0,555.75,103.59375,1.0,0.0,0.0,10.33203125,15.8984375,16.1015625,52.73365377279316,16.958253478359538,0.008056640625,5,,81.43671875
eui-0002cc01000009ce,2024-09-19 18:25:20.590000+00:00,56,82,2151.0,557.25,74.5,2.0,0.0,0.0,10.3984375,14.30078125,14.30078125,52.462043183031966,16.88760655788413,4.196044921875,5,,81.4578125
eui-0002cc01000009ce,2024-09-19 18:31:19.585000+00:00,59,82,1991.0,535.25,105.3125,4.80078125,1.39990234375,1.39990234375,10.19921875,15.8984375,17.1015625,52.503242542153046,16.914415681539676,0.010009765625,5,,81.4859375
eui-0002cc01000009ce,2024-09-19 18:37:18.540000+00:00,55,82,1859.5,526.0,92.59375,0.0,0.0,0.0,10.0,14.0,14.0,52.38117036697948,16.852458864425778,0.008056640625,5,,81.43671875
eui-0002cc01000009ce,2024-09-19 18:43:17.505000+00:00,60,81,1949.5,521.25,110.90625,7.80078125,0.0,0.0,9.6015625,16.5,16.5,52.31097886625467,16.81689614420517,4.196044921875,5,,81.40859375
eui-0002cc01000009ce,2024-09-19 18:49:16.492000+00:00,59,80,1757.5,492.5,83.8125,11.6015625,0.0,0.0,9.5,15.80078125,15.80078125,52.24383916990921,16.79665229217241,0.010009765625,5,,81.40859375
eui-0002cc01000009ce,2024-09-19 18:55:15.471000+00:00,50,81,1578.5,435.25,75.59375,2.0,0.0,0.0,8.0,11.8984375,11.8984375,52.13702601663233,16.75358777198752,4.196044921875,5,,81.3875
eui-0002cc01000009ce,2024-09-19 19:01:14.449000+00:00,44,80,1566.5,405.75,64.09375,1.0,0.0,0.0,7.333984375,10.3984375,10.3984375,52.15686274509804,16.784808867543457,0.008056640625,5,,81.43671875
eui-0002cc01000009ce,2024-09-19 19:07:13.418000+00:00,50,82,1472.0,411.75,88.40625,2.0,0.0,0.0,8.0,11.80078125,11.80078125,52.05920500495918,16.730054323611302,4.1982421875,5,,81.3875
eui-0002cc01000009ce,2024-09-19 19:13:12.407000+00:00,47,83,1532.5,398.75,73.0,0.0,0.0,0.0,7.69921875,11.1015625,11.19921875,51.95086594949264,16.69724054600905,0.008056640625,5,,81.3875
eui-0002cc01000009ce,2024-09-19 19:19:11.388000+00:00,51,81,1568.0,416.25,74.1875,2.599609375,0.0,0.0,7.400390625,12.19921875,12.19921875,51.877622644388495,16.70023338933633,4.196044921875,5,,81.43671875
eui-0002cc01000009ce,2024-09-19 19:25:10.373000+00:00,51,79,1722.5,451.125,77.3125,2.0,0.0,0.0,9.5,12.0,12.0,51.90051117723354,16.681968598172,0.008056640625,5,,81.3875
eui-0002cc01000009ce,2024-09-19 19:31:09.267000+00:00,47,80,1594.0,416.875,80.3125,1.60009765625,0.0,0.0,8.0,11.19921875,11.19921875,51.73113603418021,16.65570583354045,4.196044921875,5,,81.43671875
eui-0002cc01000009ce,2024-09-19 19:37:08.308000+00:00,46,77,1523.5,407.0,74.3125,4.80078125,0.0,0.0,8.1015625,11.0,11.0,51.63958190280003,16.63861839452003,0.010009765625,5,,81.4578125
eui-0002cc01000009ce,2024-09-19 19:43:07.285000+00:00,48,78,1719.0,451.875,62.90625,2.0,0.0,0.0,9.0,11.30078125,11.30078125,51.587701228351264,16.622795709355145,4.195068359375,5,,81.4578125
eui-0002cc01000009ce,2024-09-19 19:49:06.272000+00:00,53,80,1652.5,459.5,93.1875,4.0,0.0,0.0,9.0,13.1015625,13.1015625,51.46410315098802,16.549063508587846,0.008056640625,5,,81.3875
eui-0002cc01000009ce,2024-09-19 19:55:05.265000+00:00,49,78,1588.0,438.25,69.0,2.400390625,0.0,0.0,8.5,11.6015625,11.6015625,51.54650186923018,16.599424451622752,4.195068359375,5,,81.43671875
eui-0002cc01000009ce,2024-09-19 20:01:04.233000+00:00,56,80,1488.5,412.375,101.09375,9.19921875,0.0,0.0,7.599609375,14.30078125,14.30078125,51.43816281376364,16.55192596510357,4.196044921875,5,,81.40859375
eui-0002cc01000009ce,2024-09-19 20:07:03.211000+00:00,44,79,1565.0,417.25,58.09375,2.0,0.0,0.0,8.0,10.5,10.5,51.5205615320058,16.591502961898698,0.010009765625,5,,81.43671875
eui-0002cc01000009ce,2024-09-19 20:13:02.168000+00:00,53,79,1709.0,442.5,92.59375,1.2001953125,0.0,0.0,8.6015625,12.8984375,13.5,51.44121461814298,16.56725074638116,4.195068359375,5,,81.43671875
eui-0002cc01000009ce,2024-09-19 20:19:01.145000+00:00,46,82,1558.5,414.25,68.40625,0.0,0.0,0.0,7.80078125,11.0,11.0,51.5205615320058,16.591502961898698,0.010009765625,5,,81.43671875
eui-0002cc01000009ce,2024-09-19 20:25:00.149000+00:00,48,79,1616.5,447.625,57.40625,2.2001953125,0.0,0.0,9.0,11.5,11.8984375,51.60143434805829,16.616187813596238,4.196044921875,5,,81.43671875
eui-0002cc01000009ce,2024-09-19 20:30:59.109000+00:00,56,78,1736.0,474.5,95.59375,1.7998046875,0.0,0.0,8.6015625,14.3984375,14.3984375,51.65178912031739,16.631540458184908,0.008056640625,5,,81.43671875
eui-0002cc01000009ce,2024-09-19 20:36:58.070000+00:00,55,82,1716.0,485.5,82.0,2.0,0.0,0.0,9.0,14.1015625,14.1015625,51.66247043564508,16.620396448401046,4.1982421875,5,,81.40859375
eui-0002cc01000009ce,2024-09-19 20:42:57.065000+00:00,53,80,1590.5,457.25,89.59375,4.0,0.0,0.0,8.5,13.1015625,13.1015625,51.83489738307775,16.672852851606468,0.008056640625,5,,81.40859375
eui-0002cc01000009ce,2024-09-19 20:48:56.059000+00:00,54,78,1595.0,437.25,89.40625,3.0,0.0,0.0,7.5,13.5,13.5,51.90814068818189,16.734708540356184,0.010009765625,5,,81.4859375
eui-0002cc01000009ce,2024-09-19 20:54:55.002000+00:00,52,77,1663.5,438.25,70.5,5.19921875,0.0,0.0,8.0,12.3984375,12.3984375,51.98596169985504,16.74390154915242,4.196044921875,5,,81.4578125
eui-0002cc01000009ce,2024-09-19 21:00:53.987000+00:00,56,85,1761.0,470.75,102.1875,4.0,0.0,0.0,8.69921875,14.5,14.5,52.10498207064927,16.7799358717,0.008056640625,5,,81.4578125
eui-0002cc01000009ce,2024-09-19 21:06:52.942000+00:00,55,88,1816.5,533.0,90.6875,0.0,0.0,0.0,10.0,13.8984375,13.8984375,52.15686274509804,16.784808867543457,4.1982421875,5,,81.43671875
eui-0002cc01000009ce,2024-09-19 21:12:51.942000+00:00,54,85,1726.5,475.875,75.5,4.0,0.0,0.0,8.69921875,13.30078125,13.30078125,52.25146868085756,16.838605287764196,0.008056640625,5,,81.4859375
eui-0002cc01000009ce,2024-09-19 21:18:50.906000+00:00,58,88,1816.5,499.875,107.5,2.7998046875,0.0,0.0,9.69921875,15.19921875,15.19921875,52.38574807354848,16.893500401700916,4.196044921875,5,,81.5140625
eui-0002cc01000009ce,2024-09-19 21:24:49.823000+00:00,41,86,1535.0,400.75,59.171875,1.2001953125,0.0,0.0,8.3984375,9.69921875,9.69921875,52.41168841077287,16.901309225762795,4.1982421875,5,,81.5140625
eui-0002cc01000009ce,2024-09-19 21:30:48.863000+00:00,54,86,1746.0,476.875,91.3125,6.0,1.2001953125,0.0,9.30078125,13.5,14.19921875,52.57343404287785,16.96074503276087,4.195068359375,5,,81.53515625
eui-0002cc01000009ce,2024-09-19 21:36:47.841000+00:00,57,85,1881.5,516.0,99.59375,2.599609375,0.0,0.0,9.69921875,15.1015625,15.1015625,52.765697718776224,17.0183654665719,4.1982421875,5,,81.53515625
eui-0002cc01000009ce,2024-09-19 21:42:46.818000+00:00,56,86,1820.5,504.5,83.78125,3.400390625,0.0,0.0,9.6015625,14.6015625,14.6015625,52.87556267643244,17.051208660906948,0.008056640625,5,,81.53515625
eui-0002cc01000009ce,2024-09-19 21:48:45.805000+00:00,48,91,1537.0,408.125,86.1875,2.0,0.0,0.0,7.599609375,11.30078125,11.30078125,53.00373846036469,17.118336965039344,4.196044921875,5,,81.59140625
eui-0002cc01000009ce,2024-09-19 21:54:44.771000+00:00,59,90,1943.5,530.0,109.3125,2.0,0.0,0.0,9.5,15.77734375,15.77734375,53.03578240634776,17.113442237045188,0.008056640625,5,,81.56328125
eui-0002cc01000009ce,2024-09-19 22:00:43.748000+00:00,55,91,1871.0,497.25,98.3125,3.0,0.0,0.0,9.6015625,14.0,14.0,53.13954375524529,17.169610947865216,4.196044921875,5,,81.6125
eui-0002cc01000009ce,2024-09-19 22:06:42.725000+00:00,55,88,1739.5,474.125,91.6875,3.400390625,0.0,0.0,9.0,14.0,14.0,53.22346837567712,17.18371950485233,4.195068359375,5,,81.59140625
eui-0002cc01000009ce,2024-09-19 22:12:41.720000+00:00,51,92,1770.5,469.0,94.1875,0.0,0.0,0.0,8.69921875,12.33203125,12.33203125,53.28755626764325,17.21358430757175,0.008056640625,5,,81.6125
eui-0002cc01000009ce,2024-09-19 22:18:40.700000+00:00,54,91,1796.0,479.25,96.1875,2.7998046875,0.0,0.0,8.30078125,13.5,13.69921875,53.28603036545358,17.202291994756237,4.196044921875,5,,81.59140625
eui-0002cc01000009ce,2024-09-19 22:24:39.663000+00:00,58,90,1933.0,527.0,108.1875,1.0,0.0,0.0,10.69921875,15.30078125,15.30078125,53.44625009536889,17.249768486404466,4.1982421875,5,,81.59140625
eui-0002cc01000009ce,2024-09-19 22:30:38.638000+00:00,62,93,1811.5,525.75,132.0,4.400390625,0.0,0.0,10.0,17.1015625,17.1015625,53.51949340047303,17.28227568311755,0.008056640625,5,,81.6125
eui-0002cc01000009ce,2024-09-19 22:36:37.623000+00:00,50,96,1708.0,454.5,72.1875,0.0,0.0,0.0,9.0,11.8984375,11.8984375,53.53780422674907,17.316609336219987,4.1982421875,5,,81.66875
eui-0002cc01000009ce,2024-09-19 22:42:36.608000+00:00,59,93,1710.5,503.125,97.0,7.333984375,0.0,0.0,9.80078125,15.8984375,16.5,53.64003967345693,17.372114640113217,0.008056640625,5,,81.71796875
eui-0002cc01000009ce,2024-09-19 22:48:35.589000+00:00,54,97,1618.0,464.25,98.40625,4.80078125,0.0,0.0,8.6015625,13.30078125,13.69921875,53.7270160982681,17.412233395520413,0.010009765625,5,,81.74609375
eui-0002cc01000009ce,2024-09-19 22:54:34.542000+00:00,55,94,1859.0,490.0,90.3125,3.0,0.0,0.0,9.6015625,14.19921875,14.19921875,53.7773708705272,17.437920819128234,4.1982421875,5,,81.7671875
eui-0002cc01000009ce,2024-09-19 23:00:33.532000+00:00,59,93,1910.0,542.25,107.0,3.599609375,0.0,0.0,10.69921875,15.66796875,15.66796875,53.85366598001068,17.47484925919444,4.196044921875,5,,81.7953125
eui-0002cc01000009ce,2024-09-19 23:06:32.516000+00:00,52,98,1806.5,496.25,81.59375,0.0,0.0,0.0,9.1015625,12.80078125,12.80078125,53.95437552452888,17.515309333237493,0.008056640625,5,,81.81640625
eui-0002cc01000009ce,2024-09-19 23:12:31.480000+00:00,54,98,1829.0,497.75,95.875,2.400390625,0.0,0.0,9.80078125,13.5,13.5,53.99252307927062,17.526511400934282,4.196044921875,5,,81.81640625
eui-0002cc01000009ce,2024-09-19 23:18:30.384000+00:00,62,104,1965.5,526.25,123.6875,2.0,0.0,0.0,10.0,17.203125,17.203125,53.99557488364996,17.55273926525546,4.196044921875,5,,81.865625
eui-0002cc01000009ce,2024-09-19 23:24:29.439000+00:00,58,96,1899.0,515.75,104.875,3.7998046875,0.0,0.0,9.69921875,15.30078125,15.30078125,54.009308003356985,17.556770891579458,0.008056640625,5,,81.865625
eui-0002cc01000009ce,2024-09-19 23:30:28.436000+00:00,59,100,1981.0,531.5,102.59375,5.0,0.0,0.0,10.1015625,16.0,16.0,54.27023727779049,17.662169727795074,4.1982421875,5,,81.921875
eui-0002cc01000009ce,2024-09-19 23:36:27.396000+00:00,60,100,1916.5,522.0,100.90625,7.599609375,0.0,0.0,9.30078125,16.3359375,16.125,54.13290608072023,17.60749488353197,0.010009765625,5,,81.89375
eui-0002cc01000009ce,2024-09-19 23:42:26.374000+00:00,55,100,1850.0,495.875,87.09375,2.0,0.0,0.0,10.0,13.80078125,13.80078125,54.07034409094377,17.589156123750126,0.010009765625,5,,81.89375
eui-0002cc01000009ce,2024-09-19 23:48:25.352000+00:00,57,96,1775.5,493.125,102.40625,2.599609375,0.0,0.0,9.19921875,14.69921875,14.69921875,54.04135194934005,17.555316852160257,4.1982421875,5,,81.84453125
eui-0002cc01000009ce,2024-09-19 23:54:24.403000+00:00,62,99,2155.0,584.0,130.5,3.400390625,0.0,0.0,11.0,17.203125,17.203125,54.091706721599145,17.570082860669764,4.1982421875,5,,81.84453125
eui-0002cc01000009ce,2024-09-20 00:00:23.309000+00:00,59,94,1971.5,533.75,116.3125,2.7998046875,0.0,0.0,10.80078125,15.69921875,15.69921875,54.06576638437476,17.56247763751333,0.008056640625,5,,81.84453125
eui-0002cc01000009ce,2024-09-20 00:06:22.266000+00:00,60,102,1937.5,541.0,115.6875,4.80078125,0.0,0.0,10.5,16.3984375,16.3984375,54.088654917219806,17.55470980943637,4.2001953125,5,,81.81640625
eui-0002cc01000009ce,2024-09-20 00:12:21.248000+00:00,61,98,2081.0,573.5,117.90625,2.599609375,1.60009765625,1.60009765625,10.77734375,16.78125,17.5546875,54.137483787289234,17.569015956494756,4.196044921875,5,,81.81640625
eui-0002cc01000009ce,2024-09-20 00:18:20.226000+00:00,52,101,1750.0,454.125,94.1875,1.60009765625,0.0,0.0,9.19921875,12.66796875,12.66796875,54.16189822232395,17.565304087402794,0.010009765625,5,,81.7953125
eui-0002cc01000009ce,2024-09-20 00:24:19.213000+00:00,61,97,2171.0,579.75,122.6875,1.2001953125,0.0,0.0,11.0,17.0,17.0,54.12375066758221,17.554133736434746,4.196044921875,5,,81.7953125
eui-0002cc01000009ce,2024-09-20 00:30:18.186000+00:00,55,98,1822.0,510.375,98.59375,1.60009765625,0.0,0.0,10.0,13.80078125,13.80078125,54.19851987487602,17.57602112505697,0.010009765625,5,,81.7953125
eui-0002cc01000009ce,2024-09-20 00:36:17.165000+00:00,57,102,1934.0,531.75,100.5,2.7998046875,0.0,0.0,9.6015625,14.80078125,14.80078125,54.137483787289234,17.558155859177074,4.196044921875,5,,81.7953125
eui-0002cc01000009ce,2024-09-20 00:42:16.140000+00:00,55,102,2014.5,541.25,83.3125,0.0,0.0,0.0,10.30078125,14.19921875,14.19921875,54.16189822232395,17.565304087402794,0.010009765625,5,,81.7953125
eui-0002cc01000009ce,2024-09-20 00:48:15.102000+00:00,67,99,2245.0,617.75,125.90625,4.599609375,0.0,0.0,11.5,19.5,19.5,54.19851987487602,17.57602112505697,4.195068359375,5,,81.7953125
eui-0002cc01000009ce,2024-09-20 00:54:14.091000+00:00,62,99,2016.0,564.5,121.09375,2.0,0.0,0.0,11.69921875,17.3984375,17.3984375,54.18326085297932,17.557074792318534,0.010009765625,5,,81.7671875
eui-0002cc01000009ce,2024-09-20 01:00:13.092000+00:00,52,104,1179.5,393.125,95.8125,2.0,0.0,0.0,8.0,12.3984375,12.3984375,54.27023727779049,17.582505745967094,0.008056640625,5,,81.7671875
eui-0002cc01000009ce,2024-09-20 01:06:12.043000+00:00,61,99,2101.0,571.75,117.3125,1.2001953125,0.0,0.0,10.69921875,16.6015625,16.6015625,54.07492179751278,17.53982559220288,4.196044921875,5,,81.7953125
eui-0002cc01000009ce,2024-09-20 01:12:10.961000+00:00,58,100,2135.0,556.75,103.6875,1.33349609375,0.0,0.0,10.5546875,15.6015625,15.8984375,53.60799572747387,17.402427827085887,0.008056640625,5,,81.7953125
eui-0002cc01000009ce,2024-09-20 01:18:10.019000+00:00,60,98,2067.0,570.0,99.0,2.0,0.0,0.0,11.0,16.4453125,16.4453125,53.214312962539104,17.271313482097806,4.196044921875,5,,81.7671875
eui-0002cc01000009ce,2024-09-20 01:24:08.889000+00:00,63,92,2232.0,594.25,110.875,5.599609375,1.2001953125,0.0,11.1015625,17.5,18.1015625,53.13954375524529,17.393544853027876,4.1982421875,5,,82.0484375
eui-0002cc01000009ce,2024-09-20 01:30:07.979000+00:00,61,93,2118.0,597.0,84.8125,5.80078125,0.0,0.0,12.0,16.796875,17.203125,52.338445105668725,17.08835614811351,4.195068359375,5,,81.921875
eui-0002cc01000009ce,2024-09-20 01:36:06.937000+00:00,60,92,2074.0,548.5,105.09375,1.60009765625,0.0,0.0,10.69921875,16.296875,16.296875,52.2743572137026,17.079816489200795,0.008056640625,5,,81.94296875
eui-0002cc01000009ce,2024-09-20 01:42:05.904000+00:00,61,81,2168.0,587.75,97.8125,1.0,0.0,0.0,11.69921875,16.5546875,16.5546875,51.87151903562982,16.918063462065373,0.010009765625,5,,81.865625
eui-0002cc01000009ce,2024-09-20 01:48:04.911000+00:00,57,82,1985.0,534.5,83.0,4.0,0.0,0.0,10.30078125,14.69921875,14.5546875,51.37865262836653,16.756743341001133,0.010009765625,5,,81.84453125
eui-0002cc01000009ce,2024-09-20 01:54:03.875000+00:00,51,81,1571.5,426.25,83.40625,2.0,0.0,0.0,8.0,12.0,12.3984375,51.085679407949954,16.64150778061346,0.008056640625,5,,81.7953125
eui-0002cc01000009ce,2024-09-20 02:00:02.853000+00:00,46,81,1553.5,402.25,64.5,2.0,0.0,0.0,8.0,10.80078125,10.80078125,50.82780193789578,16.522346707009863,4.196044921875,5,,81.71796875
eui-0002cc01000009ce,2024-09-20 02:06:01.817000+00:00,52,74,1718.0,453.625,80.6875,2.7998046875,0.0,0.0,8.69921875,12.6015625,12.6015625,50.78355077439536,16.48350376693219,4.1982421875,5,,81.66875
eui-0002cc01000009ce,2024-09-20 02:12:00.785000+00:00,54,74,1776.0,495.25,71.15625,2.2001953125,0.0,0.0,10.0,13.30078125,13.30078125,50.83237964446479,16.46987522912676,4.1982421875,5,,81.6125
eui-0002cc01000009ce,2024-09-20 02:17:59.783000+00:00,54,74,1940.5,502.0,88.0,1.39990234375,1.39990234375,1.39990234375,9.8984375,13.30078125,14.6015625,50.87968261234455,16.444976515712032,4.2890625,5,,81.53515625
eui-0002cc01000009ce,2024-09-20 02:29:57.732000+00:00,51,72,1497.5,409.75,81.21875,2.7998046875,0.0,0.0,7.30078125,12.1015625,12.1015625,51.51598382543679,16.56491517088983,0.008056640625,5,,81.3875
eui-0002cc01000009ce,2024-09-20 02:35:56.696000+00:00,53,76,1595.5,464.75,92.0,4.0,0.0,0.0,8.69921875,13.1015625,13.19921875,52.01037613488975,16.740491155996125,0.008056640625,5,,81.43671875
eui-0002cc01000009ce,2024-09-20 02:41:55.679000+00:00,51,72,1675.0,441.625,72.3125,2.0,0.0,0.0,9.0,12.1015625,12.1015625,52.44373235675593,16.84603772629851,0.008056640625,5,,81.3875
eui-0002cc01000009ce,2024-09-20 02:47:54.660000+00:00,48,78,1328.0,375.0,78.09375,4.0,0.0,0.0,7.099609375,11.30078125,11.30078125,52.95185778591592,17.008992364217864,4.1982421875,5,,81.40859375
eui-0002cc01000009ce,2024-09-20 02:53:53.654000+00:00,39,78,1433.5,349.25,42.0,4.599609375,0.0,0.0,6.400390625,9.19921875,9.19921875,53.39284351873045,17.139989968718883,4.1982421875,5,,81.40859375
eui-0002cc01000009ce,2024-09-20 02:59:52.619000+00:00,32,80,1160.5,318.5,49.796875,0.0,0.0,0.0,5.69921875,7.5,7.5,53.841458762493325,17.246957266077892,4.196044921875,5,,81.359375
eui-0002cc01000009ce,2024-09-20 03:05:51.598000+00:00,30,80,1108.0,302.75,44.4375,0.0,0.0,0.0,6.0,7.0,7.0,54.16189822232395,17.34084190875909,4.196044921875,5,,81.359375
eui-0002cc01000009ce,2024-09-20 03:11:50.564000+00:00,36,83,1197.5,318.875,47.796875,3.7998046875,0.0,0.0,5.80078125,8.6015625,8.6015625,54.36179140917067,17.424515825395254,0.008056640625,5,,81.40859375
eui-0002cc01000009ce,2024-09-20 03:29:47.568000+00:00,45,82,1500.5,408.25,69.5,1.7998046875,0.0,0.0,7.69921875,10.6015625,10.6015625,54.51438162813764,17.429059755080868,4.1982421875,5,,81.33125
eui-0002cc01000009ce,2024-09-20 03:47:44.431000+00:00,39,76,1342.5,369.75,67.5,1.0,0.0,0.0,6.599609375,9.30078125,9.30078125,53.85366598001068,17.23607090304215,4.196044921875,5,,81.33125
eui-0002cc01000009ce,2024-09-20 03:53:43.328000+00:00,34,76,1137.0,302.75,52.5,0.0,0.0,0.0,5.400390625,8.0,8.0,53.85366598001068,17.23607090304215,0.010009765625,5,,81.33125
eui-0002cc01000009ce,2024-09-20 03:59:42.500000+00:00,42,76,1269.5,349.625,61.703125,7.400390625,0.0,0.0,6.0,10.0,10.0,54.018463416495,17.244587729181656,4.196044921875,5,,81.25390625
eui-0002cc01000009ce,2024-09-20 04:05:41.489000+00:00,37,78,1210.5,326.875,62.0,3.0,0.0,0.0,6.0,8.69921875,8.69921875,54.091706721599145,17.266019459053513,0.008056640625,5,,81.25390625
eui-0002cc01000009ce,2024-09-20 04:11:40.469000+00:00,30,80,1026.5,272.0,45.40625,1.0,0.0,0.0,5.0,7.0,7.0,54.31296253910124,17.330606679137638,0.008056640625,5,,81.25390625
eui-0002cc01000009ce,2024-09-20 04:17:39.452000+00:00,34,76,1076.5,295.5,52.5,2.0,0.0,0.0,5.0,8.0,8.0,54.34500648508431,17.318209315900898,0.010009765625,5,,81.21171875
eui-0002cc01000009ce,2024-09-20 04:29:37.372000+00:00,23,76,884.0,225.4375,33.40625,3.0,0.0,0.0,4.0,5.5,6.0,54.48996719310292,17.26616600691622,4.196044921875,5,,81.02890625
eui-0002cc01000009ce,2024-09-20 04:35:43.027000+00:00,17,69,686.0,188.3125,20.0,0.0,0.0,0.0,3.0,4.0,4.0,54.595254444190125,17.336570513219574,0.008056640625,5,,81.10625
eui-0002cc01000009ce,2024-09-20 04:41:42.131000+00:00,20,74,729.5,203.375,28.0,0.0,0.0,0.0,3.7001953125,4.80078125,4.80078125,54.6318760967422,17.34718385256088,0.010009765625,5,,81.10625
eui-0002cc01000009ce,2024-09-20 04:47:34.272000+00:00,25,72,842.75,222.75,36.890625,2.400390625,0.0,0.0,3.599609375,6.0,6.0,54.811932555123214,17.37389417364706,0.010009765625,5,,81.05703125
eui-0002cc01000009ce,2024-09-20 04:53:33.397000+00:00,13,72,671.75,175.6875,17.6015625,1.0,0.0,0.0,2.7001953125,3.099609375,3.099609375,54.87144274052033,17.391074468279395,0.010009765625,5,,81.05703125
eui-0002cc01000009ce,2024-09-20 04:59:32.388000+00:00,21,71,723.0,208.0,49.09375,4.599609375,0.0,0.0,3.5,5.0,6.30078125,54.93553063248645,17.424065572244942,0.010009765625,5,,81.08515625
eui-0002cc01000009ce,2024-09-20 05:05:31.364000+00:00,17,75,845.75,197.0,21.796875,0.0,0.0,0.0,3.0,4.0,4.0,54.98588540474555,17.438576704183955,0.008056640625,5,,81.08515625
eui-0002cc01000009ce,2024-09-20 05:11:37.894000+00:00,16,72,706.5,177.375,20.796875,0.0,0.0,0.0,3.0,3.7001953125,3.7001953125,55.03166247043565,17.43724788905531,0.010009765625,5,,81.05703125
eui-0002cc01000009ce,2024-09-20 05:17:30.217000+00:00,13,70,375.0,99.8125,39.703125,0.0,0.0,0.0,1.0,3.0,3.0,55.01335164415961,17.395701540279806,4.196044921875,5,,80.98671875
eui-0002cc01000009ce,2024-09-20 05:23:29.182000+00:00,17,70,696.5,190.375,23.6015625,0.0,0.0,0.0,3.2998046875,4.0,4.0,55.10337987335012,17.443364757772066,4.1982421875,5,,81.02890625
eui-0002cc01000009ce,2024-09-20 05:29:28.162000+00:00,17,70,634.75,177.5,31.8984375,1.2001953125,0.0,0.0,2.400390625,4.099609375,4.099609375,55.039291981384,17.41404950379456,4.195068359375,5,,81.0078125
eui-0002cc01000009ce,2024-09-20 05:35:27.132000+00:00,16,70,617.0,168.8125,22.6015625,1.2001953125,0.0,0.0,2.400390625,3.7001953125,3.7001953125,55.11253528648814,17.435111365254695,0.008056640625,5,,81.0078125
eui-0002cc01000009ce,2024-09-20 05:41:26.114000+00:00,21,74,711.0,203.125,29.6015625,2.0,0.0,0.0,3.0,5.0,5.0,55.14152742809186,17.468841465262972,0.010009765625,5,,81.05703125
eui-0002cc01000009ce,2024-09-20 05:47:25.090000+00:00,15,75,535.5,138.375,26.296875,2.0,0.0,0.0,2.0,3.5,3.5,55.0942244602121,17.455245459811326,4.1982421875,5,,81.05703125
eui-0002cc01000009ce,2024-09-20 05:53:24.090000+00:00,20,73,695.75,191.0,30.6015625,1.2001953125,0.0,0.0,3.0,4.69921875,4.69921875,54.82566567483024,17.39236432216285,4.2001953125,5,,81.08515625
eui-0002cc01000009ce,2024-09-20 05:59:23.041000+00:00,12,71,567.25,138.4375,18.796875,0.0,0.0,0.0,2.400390625,2.7998046875,2.7998046875,54.91264209964141,17.428345805890423,0.008056640625,5,,81.10625
eui-0002cc01000009ce,2024-09-20 06:05:22.018000+00:00,14,72,636.25,184.6875,13.3984375,0.0,0.0,0.0,3.0,3.2998046875,3.2998046875,54.86533913176165,17.4292025327045,0.010009765625,5,,81.134375
eui-0002cc01000009ce,2024-09-20 06:11:20.994000+00:00,17,74,706.0,189.625,25.3984375,0.0,0.0,0.0,3.0,4.0,4.0,54.975204089417865,17.446381133110552,4.1982421875,5,,81.10625
eui-0002cc01000009ce,2024-09-20 06:17:19.896000+00:00,13,78,501.875,139.3125,20.796875,0.0,0.0,0.0,2.0,3.0,3.0,55.01182574196994,17.456930034315953,4.196044921875,5,,81.10625
eui-0002cc01000009ce,2024-09-20 06:23:18.959000+00:00,24,75,817.25,226.125,32.0,0.0,0.0,0.0,4.0,5.69921875,5.69921875,55.043869687953006,17.440761020921506,4.1982421875,5,,81.05703125
eui-0002cc01000009ce,2024-09-20 06:29:17.921000+00:00,19,68,779.75,193.5,36.40625,0.0,0.0,0.0,2.7998046875,4.5,4.5,55.08049134050508,17.436784058227737,0.008056640625,5,,81.02890625
eui-0002cc01000009ce,2024-09-20 06:35:16.892000+00:00,22,78,822.0,224.5625,29.6015625,2.0,0.0,0.0,4.0,5.30078125,5.30078125,55.0942244602121,17.455245459811326,4.1982421875,5,,81.05703125
eui-0002cc01000009ce,2024-09-20 06:41:15.879000+00:00,14,73,596.5,160.3125,21.6015625,0.0,0.0,0.0,2.599609375,3.2998046875,3.2998046875,55.09880216678111,17.42027943543251,4.196044921875,5,,80.98671875
eui-0002cc01000009ce,2024-09-20 06:47:14.669000+00:00,17,70,703.25,185.3125,25.0,1.2001953125,0.0,0.0,2.5,4.0,4.0,55.08659494926376,17.416770358332563,4.1982421875,5,,80.98671875
eui-0002cc01000009ce,2024-09-20 06:53:13.714000+00:00,17,69,674.75,183.8125,26.0,0.0,0.0,0.0,3.0,4.0,4.0,55.0591287098497,17.379848933418028,4.196044921875,5,,80.93046875
eui-0002cc01000009ce,2024-09-20 07:05:11.666000+00:00,17,71,758.75,198.6875,23.5703125,0.0,0.0,0.0,3.0,4.0,4.0,55.01640344853895,17.407462623096663,0.010009765625,5,,81.0078125
eui-0002cc01000009ce,2024-09-20 07:47:04.503000+00:00,17,75,732.0,195.6875,29.8984375,0.0,0.0,0.0,3.0,4.0,4.0,54.91721980621042,17.4550530187233,0.010009765625,5,,81.15546875
eui-0002cc01000009ce,2024-09-20 07:53:03.487000+00:00,21,74,821.0,230.125,36.0,0.0,0.0,0.0,4.0,5.0,5.0,54.970626382848856,17.499468881157654,0.008056640625,5,,81.21171875
eui-0002cc01000009ce,2024-09-20 07:59:02.459000+00:00,26,76,850.5,234.3125,53.0,0.0,0.0,0.0,4.0,6.19921875,6.19921875,54.89890897993438,17.478782572286118,4.196044921875,5,,81.21171875
eui-0002cc01000009ce,2024-09-20 08:05:01.449000+00:00,19,78,789.0,213.75,30.109375,0.0,0.0,0.0,4.0,4.599609375,4.599609375,55.31090257114519,17.58277763088406,4.19921875,5,,81.18359375
eui-0002cc01000009ce,2024-09-20 08:11:00.436000+00:00,17,77,774.5,197.375,23.203125,1.2001953125,0.0,0.0,3.599609375,4.0,4.0,55.3505760280766,17.59414789079625,0.008056640625,5,,81.18359375
eui-0002cc01000009ce,2024-09-20 08:16:59.409000+00:00,21,77,774.0,208.0,30.296875,0.0,0.0,0.0,3.0,5.0,5.0,55.23765926604105,17.561767549260704,0.008056640625,5,,81.18359375
eui-0002cc01000009ce,2024-09-20 08:22:58.288000+00:00,21,80,805.0,208.1875,31.8984375,0.0,0.0,0.0,3.5,4.900390625,4.900390625,55.167467765316246,17.556124619248255,4.196044921875,5,,81.21171875
eui-0002cc01000009ce,2024-09-20 08:28:57.590000+00:00,27,76,792.0,233.5,43.0,1.39990234375,0.0,0.0,4.0,6.30078125,6.30078125,55.10490577553979,17.523624330393233,0.008056640625,5,,81.18359375
eui-0002cc01000009ce,2024-09-20 08:34:56.549000+00:00,23,75,869.75,243.6875,23.703125,1.0,0.0,0.0,4.400390625,5.5,5.5,55.07133592736706,17.528477759689977,0.008056640625,5,,81.21171875
eui-0002cc01000009ce,2024-09-20 08:40:55.534000+00:00,19,76,713.5,201.125,21.796875,0.0,0.0,0.0,3.2998046875,4.400390625,4.400390625,55.0942244602121,17.535064187806057,0.008056640625,5,,81.21171875
eui-0002cc01000009ce,2024-09-20 08:52:54.380000+00:00,23,74,828.5,232.0,43.90625,0.0,0.0,0.0,3.400390625,5.5,5.5,55.07743953612574,17.50121067236266,4.196044921875,5,,81.15546875
eui-0002cc01000009ce,2024-09-20 08:58:53.353000+00:00,24,75,768.0,217.0,25.3984375,4.0,0.0,0.0,3.599609375,5.69921875,5.69921875,55.05302510109102,17.494184747999846,4.196044921875,5,,81.15546875
eui-0002cc01000009ce,2024-09-20 09:04:52.326000+00:00,18,74,695.0,198.8125,28.4453125,1.2001953125,0.0,0.0,3.5,4.30078125,4.30078125,55.02708476386664,17.48671670402911,4.195068359375,5,,81.15546875
eui-0002cc01000009ce,2024-09-20 09:10:51.292000+00:00,18,74,694.25,184.0,32.5,0.0,0.0,0.0,3.2998046875,4.19921875,4.19921875,55.02250705729763,17.460005635243412,4.196044921875,5,,81.10625
eui-0002cc01000009ce,2024-09-20 09:16:50.280000+00:00,21,76,822.25,218.875,31.203125,0.0,0.0,0.0,3.2998046875,5.0,5.0,54.94010833905546,17.45077355842138,0.008056640625,5,,81.134375
eui-0002cc01000009ce,2024-09-20 11:04:32.002000+00:00,19,71,717.5,196.0,28.0,0.0,0.0,0.0,3.400390625,4.599609375,4.599609375,54.86686503395132,17.440521897439524,0.008056640625,5,,81.15546875
